Gemmini extension configured with:
    dim = 16
GEMMINI: flush
GEMMINI: config_ex - set dataflow mode from 0 to 1
GEMMINI: config_ex - set activation function from 0 to 0
GEMMINI: config_ex - set sys_shift from 0 to 0
GEMMINI: config_mvout - set store stride from 0 to 128
GEMMINI: config_mvout - no pooling
GEMMINI: config_mvin - set load stride from 0 to 48
GEMMINI: config_mvin - set load scale from 218449007473968 to 218449007473968
GEMMINI: config_mvin - set load stride from 0 to 32
GEMMINI: config_mvin - set load scale from 218449007473972 to 218449007473970
GEMMINI: mvin - 0x10 cols and 0x10 rows from 0x20000000 to addr 0x00000010
0 0 0 0 0 0 0 0 0 0 0 0 0 0 0 0 
0 0 0 0 0 0 0 0 0 0 0 0 0 0 0 0 
0 0 0 0 0 0 0 0 0 0 0 0 0 0 0 0 
0 0 0 0 0 0 0 0 0 0 0 0 0 0 0 0 
0 0 0 0 0 0 0 0 0 0 0 0 0 0 0 0 
0 0 0 0 0 0 0 0 0 0 0 0 0 0 0 0 
0 0 0 0 0 0 0 0 0 0 0 0 0 0 0 0 
0 0 0 0 0 0 0 0 0 0 0 0 0 0 0 0 
0 0 0 0 0 0 0 0 0 0 0 0 0 0 0 0 
0 0 0 0 0 0 0 0 0 0 0 0 0 0 0 0 
0 0 0 0 0 0 0 0 0 0 0 0 0 0 0 0 
0 0 0 0 0 0 0 0 0 0 0 0 0 0 0 0 
0 0 0 0 0 0 0 0 0 0 0 0 0 0 0 0 
0 0 0 0 0 0 0 0 0 0 0 0 0 0 0 0 
0 0 0 0 0 0 0 0 0 0 0 0 0 0 0 0 
0 0 0 0 0 0 0 0 0 0 0 0 0 0 0 0 
GEMMINI: mvin - 0x10 cols and 0x10 rows from 0x10000000 to addr 0x00000000
0 0 0 0 0 0 0 0 0 0 0 0 0 0 0 0 
0 0 0 0 0 0 0 0 0 0 0 0 0 0 0 0 
0 0 0 0 0 0 0 0 0 0 0 0 0 0 0 0 
0 0 0 0 0 0 0 0 0 0 0 0 0 0 0 0 
0 0 0 0 0 0 0 0 0 0 0 0 0 0 0 0 
0 0 0 0 0 0 0 0 0 0 0 0 0 0 0 0 
0 0 0 0 0 0 0 0 0 0 0 0 0 0 0 0 
0 0 0 0 0 0 0 0 0 0 0 0 0 0 0 0 
0 0 0 0 0 0 0 0 0 0 0 0 0 0 0 0 
0 0 0 0 0 0 0 0 0 0 0 0 0 0 0 0 
0 0 0 0 0 0 0 0 0 0 0 0 0 0 0 0 
0 0 0 0 0 0 0 0 0 0 0 0 0 0 0 0 
0 0 0 0 0 0 0 0 0 0 0 0 0 0 0 0 
0 0 0 0 0 0 0 0 0 0 0 0 0 0 0 0 
0 0 0 0 0 0 0 0 0 0 0 0 0 0 0 0 
0 0 0 0 0 0 0 0 0 0 0 0 0 0 0 0 
GEMMINI: preload - scratchpad output addr = 0xa0000000, scratchpad preload addr = 0x00000010
GEMMINI: compute - preload = 1, scratchpad A addr = 0x00000000,scratchpad B addr 0xffffffff
GEMMINI: compute - PEs after preloading:
0 0 0 0 0 0 0 0 0 0 0 0 0 0 0 0 
0 0 0 0 0 0 0 0 0 0 0 0 0 0 0 0 
0 0 0 0 0 0 0 0 0 0 0 0 0 0 0 0 
0 0 0 0 0 0 0 0 0 0 0 0 0 0 0 0 
0 0 0 0 0 0 0 0 0 0 0 0 0 0 0 0 
0 0 0 0 0 0 0 0 0 0 0 0 0 0 0 0 
0 0 0 0 0 0 0 0 0 0 0 0 0 0 0 0 
0 0 0 0 0 0 0 0 0 0 0 0 0 0 0 0 
0 0 0 0 0 0 0 0 0 0 0 0 0 0 0 0 
0 0 0 0 0 0 0 0 0 0 0 0 0 0 0 0 
0 0 0 0 0 0 0 0 0 0 0 0 0 0 0 0 
0 0 0 0 0 0 0 0 0 0 0 0 0 0 0 0 
0 0 0 0 0 0 0 0 0 0 0 0 0 0 0 0 
0 0 0 0 0 0 0 0 0 0 0 0 0 0 0 0 
0 0 0 0 0 0 0 0 0 0 0 0 0 0 0 0 
0 0 0 0 0 0 0 0 0 0 0 0 0 0 0 0 
GEMMINI: compute - PEs after matmul:
0 0 0 0 0 0 0 0 0 0 0 0 0 0 0 0 
0 0 0 0 0 0 0 0 0 0 0 0 0 0 0 0 
0 0 0 0 0 0 0 0 0 0 0 0 0 0 0 0 
0 0 0 0 0 0 0 0 0 0 0 0 0 0 0 0 
0 0 0 0 0 0 0 0 0 0 0 0 0 0 0 0 
0 0 0 0 0 0 0 0 0 0 0 0 0 0 0 0 
0 0 0 0 0 0 0 0 0 0 0 0 0 0 0 0 
0 0 0 0 0 0 0 0 0 0 0 0 0 0 0 0 
0 0 0 0 0 0 0 0 0 0 0 0 0 0 0 0 
0 0 0 0 0 0 0 0 0 0 0 0 0 0 0 0 
0 0 0 0 0 0 0 0 0 0 0 0 0 0 0 0 
0 0 0 0 0 0 0 0 0 0 0 0 0 0 0 0 
0 0 0 0 0 0 0 0 0 0 0 0 0 0 0 0 
0 0 0 0 0 0 0 0 0 0 0 0 0 0 0 0 
0 0 0 0 0 0 0 0 0 0 0 0 0 0 0 0 
0 0 0 0 0 0 0 0 0 0 0 0 0 0 0 0 
GEMMINI: compute - writing results to addr 0xa0000000, :
0 0 0 0 0 0 0 0 0 0 0 0 0 0 0 0 
0 0 0 0 0 0 0 0 0 0 0 0 0 0 0 0 
0 0 0 0 0 0 0 0 0 0 0 0 0 0 0 0 
0 0 0 0 0 0 0 0 0 0 0 0 0 0 0 0 
0 0 0 0 0 0 0 0 0 0 0 0 0 0 0 0 
0 0 0 0 0 0 0 0 0 0 0 0 0 0 0 0 
0 0 0 0 0 0 0 0 0 0 0 0 0 0 0 0 
0 0 0 0 0 0 0 0 0 0 0 0 0 0 0 0 
0 0 0 0 0 0 0 0 0 0 0 0 0 0 0 0 
0 0 0 0 0 0 0 0 0 0 0 0 0 0 0 0 
0 0 0 0 0 0 0 0 0 0 0 0 0 0 0 0 
0 0 0 0 0 0 0 0 0 0 0 0 0 0 0 0 
0 0 0 0 0 0 0 0 0 0 0 0 0 0 0 0 
0 0 0 0 0 0 0 0 0 0 0 0 0 0 0 0 
0 0 0 0 0 0 0 0 0 0 0 0 0 0 0 0 
0 0 0 0 0 0 0 0 0 0 0 0 0 0 0 0 
GEMMINI: mvin - 0x10 cols and 0x10 rows from 0x20000200 to addr 0x00000010
0 0 0 0 0 0 0 0 0 0 0 0 0 0 0 0 
0 0 0 0 0 0 0 0 0 0 0 0 0 0 0 0 
0 0 0 0 0 0 0 0 0 0 0 0 0 0 0 0 
0 0 0 0 0 0 0 0 0 0 0 0 0 0 0 0 
0 0 0 0 0 0 0 0 0 0 0 0 0 0 0 0 
0 0 0 0 0 0 0 0 0 0 0 0 0 0 0 0 
0 0 0 0 0 0 0 0 0 0 0 0 0 0 0 0 
0 0 0 0 0 0 0 0 0 0 0 0 0 0 0 0 
0 0 0 0 0 0 0 0 0 0 0 0 0 0 0 0 
0 0 0 0 0 0 0 0 0 0 0 0 0 0 0 0 
0 0 0 0 0 0 0 0 0 0 0 0 0 0 0 0 
0 0 0 0 0 0 0 0 0 0 0 0 0 0 0 0 
0 0 0 0 0 0 0 0 0 0 0 0 0 0 0 0 
0 0 0 0 0 0 0 0 0 0 0 0 0 0 0 0 
0 0 0 0 0 0 0 0 0 0 0 0 0 0 0 0 
0 0 0 0 0 0 0 0 0 0 0 0 0 0 0 0 
GEMMINI: mvin - 0x10 cols and 0x10 rows from 0x10000010 to addr 0x00000000
0 0 0 0 0 0 0 0 0 0 0 0 0 0 0 0 
0 0 0 0 0 0 0 0 0 0 0 0 0 0 0 0 
0 0 0 0 0 0 0 0 0 0 0 0 0 0 0 0 
0 0 0 0 0 0 0 0 0 0 0 0 0 0 0 0 
0 0 0 0 0 0 0 0 0 0 0 0 0 0 0 0 
0 0 0 0 0 0 0 0 0 0 0 0 0 0 0 0 
0 0 0 0 0 0 0 0 0 0 0 0 0 0 0 0 
0 0 0 0 0 0 0 0 0 0 0 0 0 0 0 0 
0 0 0 0 0 0 0 0 0 0 0 0 0 0 0 0 
0 0 0 0 0 0 0 0 0 0 0 0 0 0 0 0 
0 0 0 0 0 0 0 0 0 0 0 0 0 0 0 0 
0 0 0 0 0 0 0 0 0 0 0 0 0 0 0 0 
0 0 0 0 0 0 0 0 0 0 0 0 0 0 0 0 
0 0 0 0 0 0 0 0 0 0 0 0 0 0 0 0 
0 0 0 0 0 0 0 0 0 0 0 0 0 0 0 0 
0 0 0 0 0 0 0 0 0 0 0 0 0 0 0 0 
GEMMINI: preload - scratchpad output addr = 0xe0000000, scratchpad preload addr = 0x00000010
GEMMINI: compute - preload = 1, scratchpad A addr = 0x00000000,scratchpad B addr 0xffffffff
GEMMINI: compute - PEs after preloading:
0 0 0 0 0 0 0 0 0 0 0 0 0 0 0 0 
0 0 0 0 0 0 0 0 0 0 0 0 0 0 0 0 
0 0 0 0 0 0 0 0 0 0 0 0 0 0 0 0 
0 0 0 0 0 0 0 0 0 0 0 0 0 0 0 0 
0 0 0 0 0 0 0 0 0 0 0 0 0 0 0 0 
0 0 0 0 0 0 0 0 0 0 0 0 0 0 0 0 
0 0 0 0 0 0 0 0 0 0 0 0 0 0 0 0 
0 0 0 0 0 0 0 0 0 0 0 0 0 0 0 0 
0 0 0 0 0 0 0 0 0 0 0 0 0 0 0 0 
0 0 0 0 0 0 0 0 0 0 0 0 0 0 0 0 
0 0 0 0 0 0 0 0 0 0 0 0 0 0 0 0 
0 0 0 0 0 0 0 0 0 0 0 0 0 0 0 0 
0 0 0 0 0 0 0 0 0 0 0 0 0 0 0 0 
0 0 0 0 0 0 0 0 0 0 0 0 0 0 0 0 
0 0 0 0 0 0 0 0 0 0 0 0 0 0 0 0 
0 0 0 0 0 0 0 0 0 0 0 0 0 0 0 0 
GEMMINI: compute - PEs after matmul:
0 0 0 0 0 0 0 0 0 0 0 0 0 0 0 0 
0 0 0 0 0 0 0 0 0 0 0 0 0 0 0 0 
0 0 0 0 0 0 0 0 0 0 0 0 0 0 0 0 
0 0 0 0 0 0 0 0 0 0 0 0 0 0 0 0 
0 0 0 0 0 0 0 0 0 0 0 0 0 0 0 0 
0 0 0 0 0 0 0 0 0 0 0 0 0 0 0 0 
0 0 0 0 0 0 0 0 0 0 0 0 0 0 0 0 
0 0 0 0 0 0 0 0 0 0 0 0 0 0 0 0 
0 0 0 0 0 0 0 0 0 0 0 0 0 0 0 0 
0 0 0 0 0 0 0 0 0 0 0 0 0 0 0 0 
0 0 0 0 0 0 0 0 0 0 0 0 0 0 0 0 
0 0 0 0 0 0 0 0 0 0 0 0 0 0 0 0 
0 0 0 0 0 0 0 0 0 0 0 0 0 0 0 0 
0 0 0 0 0 0 0 0 0 0 0 0 0 0 0 0 
0 0 0 0 0 0 0 0 0 0 0 0 0 0 0 0 
0 0 0 0 0 0 0 0 0 0 0 0 0 0 0 0 
GEMMINI: compute - writing results to addr 0xe0000000, :
0 0 0 0 0 0 0 0 0 0 0 0 0 0 0 0 
0 0 0 0 0 0 0 0 0 0 0 0 0 0 0 0 
0 0 0 0 0 0 0 0 0 0 0 0 0 0 0 0 
0 0 0 0 0 0 0 0 0 0 0 0 0 0 0 0 
0 0 0 0 0 0 0 0 0 0 0 0 0 0 0 0 
0 0 0 0 0 0 0 0 0 0 0 0 0 0 0 0 
0 0 0 0 0 0 0 0 0 0 0 0 0 0 0 0 
0 0 0 0 0 0 0 0 0 0 0 0 0 0 0 0 
0 0 0 0 0 0 0 0 0 0 0 0 0 0 0 0 
0 0 0 0 0 0 0 0 0 0 0 0 0 0 0 0 
0 0 0 0 0 0 0 0 0 0 0 0 0 0 0 0 
0 0 0 0 0 0 0 0 0 0 0 0 0 0 0 0 
0 0 0 0 0 0 0 0 0 0 0 0 0 0 0 0 
0 0 0 0 0 0 0 0 0 0 0 0 0 0 0 0 
0 0 0 0 0 0 0 0 0 0 0 0 0 0 0 0 
0 0 0 0 0 0 0 0 0 0 0 0 0 0 0 0 
GEMMINI: mvin - 0x10 cols and 0x10 rows from 0x20000400 to addr 0x00000010
0 0 0 0 0 0 0 0 0 0 0 0 0 0 0 0 
0 0 0 0 0 0 0 0 0 0 0 0 0 0 0 0 
0 0 0 0 0 0 0 0 0 0 0 0 0 0 0 0 
0 0 0 0 0 0 0 0 0 0 0 0 0 0 0 0 
0 0 0 0 0 0 0 0 0 0 0 0 0 0 0 0 
0 0 0 0 0 0 0 0 0 0 0 0 0 0 0 0 
0 0 0 0 0 0 0 0 0 0 0 0 0 0 0 0 
0 0 0 0 0 0 0 0 0 0 0 0 0 0 0 0 
0 0 0 0 0 0 0 0 0 0 0 0 0 0 0 0 
0 0 0 0 0 0 0 0 0 0 0 0 0 0 0 0 
0 0 0 0 0 0 0 0 0 0 0 0 0 0 0 0 
0 0 0 0 0 0 0 0 0 0 0 0 0 0 0 0 
0 0 0 0 0 0 0 0 0 0 0 0 0 0 0 0 
0 0 0 0 0 0 0 0 0 0 0 0 0 0 0 0 
0 0 0 0 0 0 0 0 0 0 0 0 0 0 0 0 
0 0 0 0 0 0 0 0 0 0 0 0 0 0 0 0 
GEMMINI: mvin - 0x10 cols and 0x10 rows from 0x10000020 to addr 0x00000000
0 0 0 0 0 0 0 0 0 0 0 0 0 0 0 0 
0 0 0 0 0 0 0 0 0 0 0 0 0 0 0 0 
0 0 0 0 0 0 0 0 0 0 0 0 0 0 0 0 
0 0 0 0 0 0 0 0 0 0 0 0 0 0 0 0 
0 0 0 0 0 0 0 0 0 0 0 0 0 0 0 0 
0 0 0 0 0 0 0 0 0 0 0 0 0 0 0 0 
0 0 0 0 0 0 0 0 0 0 0 0 0 0 0 0 
0 0 0 0 0 0 0 0 0 0 0 0 0 0 0 0 
0 0 0 0 0 0 0 0 0 0 0 0 0 0 0 0 
0 0 0 0 0 0 0 0 0 0 0 0 0 0 0 0 
0 0 0 0 0 0 0 0 0 0 0 0 0 0 0 0 
0 0 0 0 0 0 0 0 0 0 0 0 0 0 0 0 
0 0 0 0 0 0 0 0 0 0 0 0 0 0 0 0 
0 0 0 0 0 0 0 0 0 0 0 0 0 0 0 0 
0 0 0 0 0 0 0 0 0 0 0 0 0 0 0 0 
0 0 0 0 0 0 0 0 0 0 0 0 0 0 0 0 
GEMMINI: preload - scratchpad output addr = 0xe0000000, scratchpad preload addr = 0x00000010
GEMMINI: compute - preload = 1, scratchpad A addr = 0x00000000,scratchpad B addr 0xffffffff
GEMMINI: compute - PEs after preloading:
0 0 0 0 0 0 0 0 0 0 0 0 0 0 0 0 
0 0 0 0 0 0 0 0 0 0 0 0 0 0 0 0 
0 0 0 0 0 0 0 0 0 0 0 0 0 0 0 0 
0 0 0 0 0 0 0 0 0 0 0 0 0 0 0 0 
0 0 0 0 0 0 0 0 0 0 0 0 0 0 0 0 
0 0 0 0 0 0 0 0 0 0 0 0 0 0 0 0 
0 0 0 0 0 0 0 0 0 0 0 0 0 0 0 0 
0 0 0 0 0 0 0 0 0 0 0 0 0 0 0 0 
0 0 0 0 0 0 0 0 0 0 0 0 0 0 0 0 
0 0 0 0 0 0 0 0 0 0 0 0 0 0 0 0 
0 0 0 0 0 0 0 0 0 0 0 0 0 0 0 0 
0 0 0 0 0 0 0 0 0 0 0 0 0 0 0 0 
0 0 0 0 0 0 0 0 0 0 0 0 0 0 0 0 
0 0 0 0 0 0 0 0 0 0 0 0 0 0 0 0 
0 0 0 0 0 0 0 0 0 0 0 0 0 0 0 0 
0 0 0 0 0 0 0 0 0 0 0 0 0 0 0 0 
GEMMINI: compute - PEs after matmul:
0 0 0 0 0 0 0 0 0 0 0 0 0 0 0 0 
0 0 0 0 0 0 0 0 0 0 0 0 0 0 0 0 
0 0 0 0 0 0 0 0 0 0 0 0 0 0 0 0 
0 0 0 0 0 0 0 0 0 0 0 0 0 0 0 0 
0 0 0 0 0 0 0 0 0 0 0 0 0 0 0 0 
0 0 0 0 0 0 0 0 0 0 0 0 0 0 0 0 
0 0 0 0 0 0 0 0 0 0 0 0 0 0 0 0 
0 0 0 0 0 0 0 0 0 0 0 0 0 0 0 0 
0 0 0 0 0 0 0 0 0 0 0 0 0 0 0 0 
0 0 0 0 0 0 0 0 0 0 0 0 0 0 0 0 
0 0 0 0 0 0 0 0 0 0 0 0 0 0 0 0 
0 0 0 0 0 0 0 0 0 0 0 0 0 0 0 0 
0 0 0 0 0 0 0 0 0 0 0 0 0 0 0 0 
0 0 0 0 0 0 0 0 0 0 0 0 0 0 0 0 
0 0 0 0 0 0 0 0 0 0 0 0 0 0 0 0 
0 0 0 0 0 0 0 0 0 0 0 0 0 0 0 0 
GEMMINI: compute - writing results to addr 0xe0000000, :
0 0 0 0 0 0 0 0 0 0 0 0 0 0 0 0 
0 0 0 0 0 0 0 0 0 0 0 0 0 0 0 0 
0 0 0 0 0 0 0 0 0 0 0 0 0 0 0 0 
0 0 0 0 0 0 0 0 0 0 0 0 0 0 0 0 
0 0 0 0 0 0 0 0 0 0 0 0 0 0 0 0 
0 0 0 0 0 0 0 0 0 0 0 0 0 0 0 0 
0 0 0 0 0 0 0 0 0 0 0 0 0 0 0 0 
0 0 0 0 0 0 0 0 0 0 0 0 0 0 0 0 
0 0 0 0 0 0 0 0 0 0 0 0 0 0 0 0 
0 0 0 0 0 0 0 0 0 0 0 0 0 0 0 0 
0 0 0 0 0 0 0 0 0 0 0 0 0 0 0 0 
0 0 0 0 0 0 0 0 0 0 0 0 0 0 0 0 
0 0 0 0 0 0 0 0 0 0 0 0 0 0 0 0 
0 0 0 0 0 0 0 0 0 0 0 0 0 0 0 0 
0 0 0 0 0 0 0 0 0 0 0 0 0 0 0 0 
0 0 0 0 0 0 0 0 0 0 0 0 0 0 0 0 
GEMMINI: mvout - 0x10 cols and 0x10 rows from 0x100010e0000000 to addr 0x30000000
0 0 0 0 0 0 0 0 0 0 0 0 0 0 0 0 
0 0 0 0 0 0 0 0 0 0 0 0 0 0 0 0 
0 0 0 0 0 0 0 0 0 0 0 0 0 0 0 0 
0 0 0 0 0 0 0 0 0 0 0 0 0 0 0 0 
0 0 0 0 0 0 0 0 0 0 0 0 0 0 0 0 
0 0 0 0 0 0 0 0 0 0 0 0 0 0 0 0 
0 0 0 0 0 0 0 0 0 0 0 0 0 0 0 0 
0 0 0 0 0 0 0 0 0 0 0 0 0 0 0 0 
0 0 0 0 0 0 0 0 0 0 0 0 0 0 0 0 
0 0 0 0 0 0 0 0 0 0 0 0 0 0 0 0 
0 0 0 0 0 0 0 0 0 0 0 0 0 0 0 0 
0 0 0 0 0 0 0 0 0 0 0 0 0 0 0 0 
0 0 0 0 0 0 0 0 0 0 0 0 0 0 0 0 
0 0 0 0 0 0 0 0 0 0 0 0 0 0 0 0 
0 0 0 0 0 0 0 0 0 0 0 0 0 0 0 0 
0 0 0 0 0 0 0 0 0 0 0 0 0 0 0 0 
GEMMINI: mvin - 0x10 cols and 0x10 rows from 0x20000010 to addr 0x00000010
0 0 0 0 0 0 0 0 0 0 0 0 0 0 0 0 
0 0 0 0 0 0 0 0 0 0 0 0 0 0 0 0 
0 0 0 0 0 0 0 0 0 0 0 0 0 0 0 0 
0 0 0 0 0 0 0 0 0 0 0 0 0 0 0 0 
0 0 0 0 0 0 0 0 0 0 0 0 0 0 0 0 
0 0 0 0 0 0 0 0 0 0 0 0 0 0 0 0 
0 0 0 0 0 0 0 0 0 0 0 0 0 0 0 0 
0 0 0 0 0 0 0 0 0 0 0 0 0 0 0 0 
0 0 0 0 0 0 0 0 0 0 0 0 0 0 0 0 
0 0 0 0 0 0 0 0 0 0 0 0 0 0 0 0 
0 0 0 0 0 0 0 0 0 0 0 0 0 0 0 0 
0 0 0 0 0 0 0 0 0 0 0 0 0 0 0 0 
0 0 0 0 0 0 0 0 0 0 0 0 0 0 0 0 
0 0 0 0 0 0 0 0 0 0 0 0 0 0 0 0 
0 0 0 0 0 0 0 0 0 0 0 0 0 0 0 0 
0 0 0 0 0 0 0 0 0 0 0 0 0 0 0 0 
GEMMINI: mvin - 0x10 cols and 0x10 rows from 0x10000000 to addr 0x00000000
0 0 0 0 0 0 0 0 0 0 0 0 0 0 0 0 
0 0 0 0 0 0 0 0 0 0 0 0 0 0 0 0 
0 0 0 0 0 0 0 0 0 0 0 0 0 0 0 0 
0 0 0 0 0 0 0 0 0 0 0 0 0 0 0 0 
0 0 0 0 0 0 0 0 0 0 0 0 0 0 0 0 
0 0 0 0 0 0 0 0 0 0 0 0 0 0 0 0 
0 0 0 0 0 0 0 0 0 0 0 0 0 0 0 0 
0 0 0 0 0 0 0 0 0 0 0 0 0 0 0 0 
0 0 0 0 0 0 0 0 0 0 0 0 0 0 0 0 
0 0 0 0 0 0 0 0 0 0 0 0 0 0 0 0 
0 0 0 0 0 0 0 0 0 0 0 0 0 0 0 0 
0 0 0 0 0 0 0 0 0 0 0 0 0 0 0 0 
0 0 0 0 0 0 0 0 0 0 0 0 0 0 0 0 
0 0 0 0 0 0 0 0 0 0 0 0 0 0 0 0 
0 0 0 0 0 0 0 0 0 0 0 0 0 0 0 0 
0 0 0 0 0 0 0 0 0 0 0 0 0 0 0 0 
GEMMINI: preload - scratchpad output addr = 0xa0000000, scratchpad preload addr = 0x00000010
GEMMINI: compute - preload = 1, scratchpad A addr = 0x00000000,scratchpad B addr 0xffffffff
GEMMINI: compute - PEs after preloading:
0 0 0 0 0 0 0 0 0 0 0 0 0 0 0 0 
0 0 0 0 0 0 0 0 0 0 0 0 0 0 0 0 
0 0 0 0 0 0 0 0 0 0 0 0 0 0 0 0 
0 0 0 0 0 0 0 0 0 0 0 0 0 0 0 0 
0 0 0 0 0 0 0 0 0 0 0 0 0 0 0 0 
0 0 0 0 0 0 0 0 0 0 0 0 0 0 0 0 
0 0 0 0 0 0 0 0 0 0 0 0 0 0 0 0 
0 0 0 0 0 0 0 0 0 0 0 0 0 0 0 0 
0 0 0 0 0 0 0 0 0 0 0 0 0 0 0 0 
0 0 0 0 0 0 0 0 0 0 0 0 0 0 0 0 
0 0 0 0 0 0 0 0 0 0 0 0 0 0 0 0 
0 0 0 0 0 0 0 0 0 0 0 0 0 0 0 0 
0 0 0 0 0 0 0 0 0 0 0 0 0 0 0 0 
0 0 0 0 0 0 0 0 0 0 0 0 0 0 0 0 
0 0 0 0 0 0 0 0 0 0 0 0 0 0 0 0 
0 0 0 0 0 0 0 0 0 0 0 0 0 0 0 0 
GEMMINI: compute - PEs after matmul:
0 0 0 0 0 0 0 0 0 0 0 0 0 0 0 0 
0 0 0 0 0 0 0 0 0 0 0 0 0 0 0 0 
0 0 0 0 0 0 0 0 0 0 0 0 0 0 0 0 
0 0 0 0 0 0 0 0 0 0 0 0 0 0 0 0 
0 0 0 0 0 0 0 0 0 0 0 0 0 0 0 0 
0 0 0 0 0 0 0 0 0 0 0 0 0 0 0 0 
0 0 0 0 0 0 0 0 0 0 0 0 0 0 0 0 
0 0 0 0 0 0 0 0 0 0 0 0 0 0 0 0 
0 0 0 0 0 0 0 0 0 0 0 0 0 0 0 0 
0 0 0 0 0 0 0 0 0 0 0 0 0 0 0 0 
0 0 0 0 0 0 0 0 0 0 0 0 0 0 0 0 
0 0 0 0 0 0 0 0 0 0 0 0 0 0 0 0 
0 0 0 0 0 0 0 0 0 0 0 0 0 0 0 0 
0 0 0 0 0 0 0 0 0 0 0 0 0 0 0 0 
0 0 0 0 0 0 0 0 0 0 0 0 0 0 0 0 
0 0 0 0 0 0 0 0 0 0 0 0 0 0 0 0 
GEMMINI: compute - writing results to addr 0xa0000000, :
0 0 0 0 0 0 0 0 0 0 0 0 0 0 0 0 
0 0 0 0 0 0 0 0 0 0 0 0 0 0 0 0 
0 0 0 0 0 0 0 0 0 0 0 0 0 0 0 0 
0 0 0 0 0 0 0 0 0 0 0 0 0 0 0 0 
0 0 0 0 0 0 0 0 0 0 0 0 0 0 0 0 
0 0 0 0 0 0 0 0 0 0 0 0 0 0 0 0 
0 0 0 0 0 0 0 0 0 0 0 0 0 0 0 0 
0 0 0 0 0 0 0 0 0 0 0 0 0 0 0 0 
0 0 0 0 0 0 0 0 0 0 0 0 0 0 0 0 
0 0 0 0 0 0 0 0 0 0 0 0 0 0 0 0 
0 0 0 0 0 0 0 0 0 0 0 0 0 0 0 0 
0 0 0 0 0 0 0 0 0 0 0 0 0 0 0 0 
0 0 0 0 0 0 0 0 0 0 0 0 0 0 0 0 
0 0 0 0 0 0 0 0 0 0 0 0 0 0 0 0 
0 0 0 0 0 0 0 0 0 0 0 0 0 0 0 0 
0 0 0 0 0 0 0 0 0 0 0 0 0 0 0 0 
GEMMINI: mvin - 0x10 cols and 0x10 rows from 0x20000210 to addr 0x00000010
0 0 0 0 0 0 0 0 0 0 0 0 0 0 0 0 
0 0 0 0 0 0 0 0 0 0 0 0 0 0 0 0 
0 0 0 0 0 0 0 0 0 0 0 0 0 0 0 0 
0 0 0 0 0 0 0 0 0 0 0 0 0 0 0 0 
0 0 0 0 0 0 0 0 0 0 0 0 0 0 0 0 
0 0 0 0 0 0 0 0 0 0 0 0 0 0 0 0 
0 0 0 0 0 0 0 0 0 0 0 0 0 0 0 0 
0 0 0 0 0 0 0 0 0 0 0 0 0 0 0 0 
0 0 0 0 0 0 0 0 0 0 0 0 0 0 0 0 
0 0 0 0 0 0 0 0 0 0 0 0 0 0 0 0 
0 0 0 0 0 0 0 0 0 0 0 0 0 0 0 0 
0 0 0 0 0 0 0 0 0 0 0 0 0 0 0 0 
0 0 0 0 0 0 0 0 0 0 0 0 0 0 0 0 
0 0 0 0 0 0 0 0 0 0 0 0 0 0 0 0 
0 0 0 0 0 0 0 0 0 0 0 0 0 0 0 0 
0 0 0 0 0 0 0 0 0 0 0 0 0 0 0 0 
GEMMINI: mvin - 0x10 cols and 0x10 rows from 0x10000010 to addr 0x00000000
0 0 0 0 0 0 0 0 0 0 0 0 0 0 0 0 
0 0 0 0 0 0 0 0 0 0 0 0 0 0 0 0 
0 0 0 0 0 0 0 0 0 0 0 0 0 0 0 0 
0 0 0 0 0 0 0 0 0 0 0 0 0 0 0 0 
0 0 0 0 0 0 0 0 0 0 0 0 0 0 0 0 
0 0 0 0 0 0 0 0 0 0 0 0 0 0 0 0 
0 0 0 0 0 0 0 0 0 0 0 0 0 0 0 0 
0 0 0 0 0 0 0 0 0 0 0 0 0 0 0 0 
0 0 0 0 0 0 0 0 0 0 0 0 0 0 0 0 
0 0 0 0 0 0 0 0 0 0 0 0 0 0 0 0 
0 0 0 0 0 0 0 0 0 0 0 0 0 0 0 0 
0 0 0 0 0 0 0 0 0 0 0 0 0 0 0 0 
0 0 0 0 0 0 0 0 0 0 0 0 0 0 0 0 
0 0 0 0 0 0 0 0 0 0 0 0 0 0 0 0 
0 0 0 0 0 0 0 0 0 0 0 0 0 0 0 0 
0 0 0 0 0 0 0 0 0 0 0 0 0 0 0 0 
GEMMINI: preload - scratchpad output addr = 0xe0000000, scratchpad preload addr = 0x00000010
GEMMINI: compute - preload = 1, scratchpad A addr = 0x00000000,scratchpad B addr 0xffffffff
GEMMINI: compute - PEs after preloading:
0 0 0 0 0 0 0 0 0 0 0 0 0 0 0 0 
0 0 0 0 0 0 0 0 0 0 0 0 0 0 0 0 
0 0 0 0 0 0 0 0 0 0 0 0 0 0 0 0 
0 0 0 0 0 0 0 0 0 0 0 0 0 0 0 0 
0 0 0 0 0 0 0 0 0 0 0 0 0 0 0 0 
0 0 0 0 0 0 0 0 0 0 0 0 0 0 0 0 
0 0 0 0 0 0 0 0 0 0 0 0 0 0 0 0 
0 0 0 0 0 0 0 0 0 0 0 0 0 0 0 0 
0 0 0 0 0 0 0 0 0 0 0 0 0 0 0 0 
0 0 0 0 0 0 0 0 0 0 0 0 0 0 0 0 
0 0 0 0 0 0 0 0 0 0 0 0 0 0 0 0 
0 0 0 0 0 0 0 0 0 0 0 0 0 0 0 0 
0 0 0 0 0 0 0 0 0 0 0 0 0 0 0 0 
0 0 0 0 0 0 0 0 0 0 0 0 0 0 0 0 
0 0 0 0 0 0 0 0 0 0 0 0 0 0 0 0 
0 0 0 0 0 0 0 0 0 0 0 0 0 0 0 0 
GEMMINI: compute - PEs after matmul:
0 0 0 0 0 0 0 0 0 0 0 0 0 0 0 0 
0 0 0 0 0 0 0 0 0 0 0 0 0 0 0 0 
0 0 0 0 0 0 0 0 0 0 0 0 0 0 0 0 
0 0 0 0 0 0 0 0 0 0 0 0 0 0 0 0 
0 0 0 0 0 0 0 0 0 0 0 0 0 0 0 0 
0 0 0 0 0 0 0 0 0 0 0 0 0 0 0 0 
0 0 0 0 0 0 0 0 0 0 0 0 0 0 0 0 
0 0 0 0 0 0 0 0 0 0 0 0 0 0 0 0 
0 0 0 0 0 0 0 0 0 0 0 0 0 0 0 0 
0 0 0 0 0 0 0 0 0 0 0 0 0 0 0 0 
0 0 0 0 0 0 0 0 0 0 0 0 0 0 0 0 
0 0 0 0 0 0 0 0 0 0 0 0 0 0 0 0 
0 0 0 0 0 0 0 0 0 0 0 0 0 0 0 0 
0 0 0 0 0 0 0 0 0 0 0 0 0 0 0 0 
0 0 0 0 0 0 0 0 0 0 0 0 0 0 0 0 
0 0 0 0 0 0 0 0 0 0 0 0 0 0 0 0 
GEMMINI: compute - writing results to addr 0xe0000000, :
0 0 0 0 0 0 0 0 0 0 0 0 0 0 0 0 
0 0 0 0 0 0 0 0 0 0 0 0 0 0 0 0 
0 0 0 0 0 0 0 0 0 0 0 0 0 0 0 0 
0 0 0 0 0 0 0 0 0 0 0 0 0 0 0 0 
0 0 0 0 0 0 0 0 0 0 0 0 0 0 0 0 
0 0 0 0 0 0 0 0 0 0MODE 0 PASS
 0 0 0 0 0 0 
0 0 0 0 0 0 0 0 0 0 0 0 0 0 0 0 
0 0 0 0 0 0 0 0 0 0 0 0 0 0 0 0 
0 0 0 0 0 0 0 0 0 0 0 0 0 0 0 0 
0 0 0 0 0 0 0 0 0 0 0 0 0 0 0 0 
0 0 0 0 0 0 0 0 0 0 0 0 0 0 0 0 
0 0 0 0 0 0 0 0 0 0 0 0 0 0 0 0 
0 0 0 0 0 0 0 0 0 0 0 0 0 0 0 0 
0 0 0 0 0 0 0 0 0 0 0 0 0 0 0 0 
0 0 0 0 0 0 0 0 0 0 0 0 0 0 0 0 
0 0 0 0 0 0 0 0 0 0 0 0 0 0 0 0 
GEMMINI: mvin - 0x10 cols and 0x10 rows from 0x20000410 to addr 0x00000010
0 0 0 0 0 0 0 0 0 0 0 0 0 0 0 0 
0 0 0 0 0 0 0 0 0 0 0 0 0 0 0 0 
0 0 0 0 0 0 0 0 0 0 0 0 0 0 0 0 
0 0 0 0 0 0 0 0 0 0 0 0 0 0 0 0 
0 0 0 0 0 0 0 0 0 0 0 0 0 0 0 0 
0 0 0 0 0 0 0 0 0 0 0 0 0 0 0 0 
0 0 0 0 0 0 0 0 0 0 0 0 0 0 0 0 
0 0 0 0 0 0 0 0 0 0 0 0 0 0 0 0 
0 0 0 0 0 0 0 0 0 0 0 0 0 0 0 0 
0 0 0 0 0 0 0 0 0 0 0 0 0 0 0 0 
0 0 0 0 0 0 0 0 0 0 0 0 0 0 0 0 
0 0 0 0 0 0 0 0 0 0 0 0 0 0 0 0 
0 0 0 0 0 0 0 0 0 0 0 0 0 0 0 0 
0 0 0 0 0 0 0 0 0 0 0 0 0 0 0 0 
0 0 0 0 0 0 0 0 0 0 0 0 0 0 0 0 
0 0 0 0 0 0 0 0 0 0 0 0 0 0 0 0 
GEMMINI: mvin - 0x10 cols and 0x10 rows from 0x10000020 to addr 0x00000000
0 0 0 0 0 0 0 0 0 0 0 0 0 0 0 0 
0 0 0 0 0 0 0 0 0 0 0 0 0 0 0 0 
0 0 0 0 0 0 0 0 0 0 0 0 0 0 0 0 
0 0 0 0 0 0 0 0 0 0 0 0 0 0 0 0 
0 0 0 0 0 0 0 0 0 0 0 0 0 0 0 0 
0 0 0 0 0 0 0 0 0 0 0 0 0 0 0 0 
0 0 0 0 0 0 0 0 0 0 0 0 0 0 0 0 
0 0 0 0 0 0 0 0 0 0 0 0 0 0 0 0 
0 0 0 0 0 0 0 0 0 0 0 0 0 0 0 0 
0 0 0 0 0 0 0 0 0 0 0 0 0 0 0 0 
0 0 0 0 0 0 0 0 0 0 0 0 0 0 0 0 
0 0 0 0 0 0 0 0 0 0 0 0 0 0 0 0 
0 0 0 0 0 0 0 0 0 0 0 0 0 0 0 0 
0 0 0 0 0 0 0 0 0 0 0 0 0 0 0 0 
0 0 0 0 0 0 0 0 0 0 0 0 0 0 0 0 
0 0 0 0 0 0 0 0 0 0 0 0 0 0 0 0 
GEMMINI: preload - scratchpad output addr = 0xe0000000, scratchpad preload addr = 0x00000010
GEMMINI: compute - preload = 1, scratchpad A addr = 0x00000000,scratchpad B addr 0xffffffff
GEMMINI: compute - PEs after preloading:
0 0 0 0 0 0 0 0 0 0 0 0 0 0 0 0 
0 0 0 0 0 0 0 0 0 0 0 0 0 0 0 0 
0 0 0 0 0 0 0 0 0 0 0 0 0 0 0 0 
0 0 0 0 0 0 0 0 0 0 0 0 0 0 0 0 
0 0 0 0 0 0 0 0 0 0 0 0 0 0 0 0 
0 0 0 0 0 0 0 0 0 0 0 0 0 0 0 0 
0 0 0 0 0 0 0 0 0 0 0 0 0 0 0 0 
0 0 0 0 0 0 0 0 0 0 0 0 0 0 0 0 
0 0 0 0 0 0 0 0 0 0 0 0 0 0 0 0 
0 0 0 0 0 0 0 0 0 0 0 0 0 0 0 0 
0 0 0 0 0 0 0 0 0 0 0 0 0 0 0 0 
0 0 0 0 0 0 0 0 0 0 0 0 0 0 0 0 
0 0 0 0 0 0 0 0 0 0 0 0 0 0 0 0 
0 0 0 0 0 0 0 0 0 0 0 0 0 0 0 0 
0 0 0 0 0 0 0 0 0 0 0 0 0 0 0 0 
0 0 0 0 0 0 0 0 0 0 0 0 0 0 0 0 
GEMMINI: compute - PEs after matmul:
0 0 0 0 0 0 0 0 0 0 0 0 0 0 0 0 
0 0 0 0 0 0 0 0 0 0 0 0 0 0 0 0 
0 0 0 0 0 0 0 0 0 0 0 0 0 0 0 0 
0 0 0 0 0 0 0 0 0 0 0 0 0 0 0 0 
0 0 0 0 0 0 0 0 0 0 0 0 0 0 0 0 
0 0 0 0 0 0 0 0 0 0 0 0 0 0 0 0 
0 0 0 0 0 0 0 0 0 0 0 0 0 0 0 0 
0 0 0 0 0 0 0 0 0 0 0 0 0 0 0 0 
0 0 0 0 0 0 0 0 0 0 0 0 0 0 0 0 
0 0 0 0 0 0 0 0 0 0 0 0 0 0 0 0 
0 0 0 0 0 0 0 0 0 0 0 0 0 0 0 0 
0 0 0 0 0 0 0 0 0 0 0 0 0 0 0 0 
0 0 0 0 0 0 0 0 0 0 0 0 0 0 0 0 
0 0 0 0 0 0 0 0 0 0 0 0 0 0 0 0 
0 0 0 0 0 0 0 0 0 0 0 0 0 0 0 0 
0 0 0 0 0 0 0 0 0 0 0 0 0 0 0 0 
GEMMINI: compute - writing results to addr 0xe0000000, :
0 0 0 0 0 0 0 0 0 0 0 0 0 0 0 0 
0 0 0 0 0 0 0 0 0 0 0 0 0 0 0 0 
0 0 0 0 0 0 0 0 0 0 0 0 0 0 0 0 
0 0 0 0 0 0 0 0 0 0 0 0 0 0 0 0 
0 0 0 0 0 0 0 0 0 0 0 0 0 0 0 0 
0 0 0 0 0 0 0 0 0 0 0 0 0 0 0 0 
0 0 0 0 0 0 0 0 0 0 0 0 0 0 0 0 
0 0 0 0 0 0 0 0 0 0 0 0 0 0 0 0 
0 0 0 0 0 0 0 0 0 0 0 0 0 0 0 0 
0 0 0 0 0 0 0 0 0 0 0 0 0 0 0 0 
0 0 0 0 0 0 0 0 0 0 0 0 0 0 0 0 
0 0 0 0 0 0 0 0 0 0 0 0 0 0 0 0 
0 0 0 0 0 0 0 0 0 0 0 0 0 0 0 0 
0 0 0 0 0 0 0 0 0 0 0 0 0 0 0 0 
0 0 0 0 0 0 0 0 0 0 0 0 0 0 0 0 
0 0 0 0 0 0 0 0 0 0 0 0 0 0 0 0 
GEMMINI: mvout - 0x10 cols and 0x10 rows from 0x100010e0000000 to addr 0x30000040
0 0 0 0 0 0 0 0 0 0 0 0 0 0 0 0 
0 0 0 0 0 0 0 0 0 0 0 0 0 0 0 0 
0 0 0 0 0 0 0 0 0 0 0 0 0 0 0 0 
0 0 0 0 0 0 0 0 0 0 0 0 0 0 0 0 
0 0 0 0 0 0 0 0 0 0 0 0 0 0 0 0 
0 0 0 0 0 0 0 0 0 0 0 0 0 0 0 0 
0 0 0 0 0 0 0 0 0 0 0 0 0 0 0 0 
0 0 0 0 0 0 0 0 0 0 0 0 0 0 0 0 
0 0 0 0 0 0 0 0 0 0 0 0 0 0 0 0 
0 0 0 0 0 0 0 0 0 0 0 0 0 0 0 0 
0 0 0 0 0 0 0 0 0 0 0 0 0 0 0 0 
0 0 0 0 0 0 0 0 0 0 0 0 0 0 0 0 
0 0 0 0 0 0 0 0 0 0 0 0 0 0 0 0 
0 0 0 0 0 0 0 0 0 0 0 0 0 0 0 0 
0 0 0 0 0 0 0 0 0 0 0 0 0 0 0 0 
0 0 0 0 0 0 0 0 0 0 0 0 0 0 0 0 
GEMMINI: flush
GEMMINI: config_ex - set dataflow mode from 1 to 1
GEMMINI: config_ex - set activation function from 0 to 0
GEMMINI: config_ex - set sys_shift from 0 to 0
GEMMINI: config_mvout - set store stride from 128 to 128
GEMMINI: config_mvout - no pooling
GEMMINI: config_mvin - set load stride from 48 to 48
GEMMINI: config_mvin - set load scale from 218449007473968 to 218449007473968
GEMMINI: config_mvin - set load stride from 32 to 32
GEMMINI: config_mvin - set load scale from 218449007473972 to 218449007473970
GEMMINI: mvin - 0x10 cols and 0x10 rows from 0x20000000 to addr 0x00000010
127 -128 127 -128 127 -128 127 -128 127 -128 127 -128 127 -128 127 -128 
127 -128 127 -128 127 -128 127 -128 127 -128 127 -128 127 -128 127 -128 
127 -128 127 -128 127 -128 127 -128 127 -128 127 -128 127 -128 127 -128 
127 -128 127 -128 127 -128 127 -128 127 -128 127 -128 127 -128 127 -128 
127 -128 127 -128 127 -128 127 -128 127 -128 127 -128 127 -128 127 -128 
127 -128 127 -128 127 -128 127 -128 127 -128 127 -128 127 -128 127 -128 
127 -128 127 -128 127 -128 127 -128 127 -128 127 -128 127 -128 127 -128 
127 -128 127 -128 127 -128 127 -128 127 -128 127 -128 127 -128 127 -128 
127 -128 127 -128 127 -128 127 -128 127 -128 127 -128 127 -128 127 -128 
127 -128 127 -128 127 -128 127 -128 127 -128 127 -128 127 -128 127 -128 
127 -128 127 -128 127 -128 127 -128 127 -128 127 -128 127 -128 127 -128 
127 -128 127 -128 127 -128 127 -128 127 -128 127 -128 127 -128 127 -128 
127 -128 127 -128 127 -128 127 -128 127 -128 127 -128 127 -128 127 -128 
127 -128 127 -128 127 -128 127 -128 127 -128 127 -128 127 -128 127 -128 
127 -128 127 -128 127 -128 127 -128 127 -128 127 -128 127 -128 127 -128 
127 -128 127 -128 127 -128 127 -128 127 -128 127 -128 127 -128 127 -128 
GEMMINI: mvin - 0x10 cols and 0x10 rows from 0x10000000 to addr 0x00000000
-128 127 -128 127 -128 127 -128 127 -128 127 -128 127 -128 127 -128 127 
-128 127 -128 127 -128 127 -128 127 -128 127 -128 127 -128 127 -128 127 
-128 127 -128 127 -128 127 -128 127 -128 127 -128 127 -128 127 -128 127 
-128 127 -128 127 -128 127 -128 127 -128 127 -128 127 -128 127 -128 127 
-128 127 -128 127 -128 127 -128 127 -128 127 -128 127 -128 127 -128 127 
-128 127 -128 127 -128 127 -128 127 -128 127 -128 127 -128 127 -128 127 
-128 127 -128 127 -128 127 -128 127 -128 127 -128 127 -128 127 -128 127 
-128 127 -128 127 -128 127 -128 127 -128 127 -128 127 -128 127 -128 127 
-128 127 -128 127 -128 127 -128 127 -128 127 -128 127 -128 127 -128 127 
-128 127 -128 127 -128 127 -128 127 -128 127 -128 127 -128 127 -128 127 
-128 127 -128 127 -128 127 -128 127 -128 127 -128 127 -128 127 -128 127 
-128 127 -128 127 -128 127 -128 127 -128 127 -128 127 -128 127 -128 127 
-128 127 -128 127 -128 127 -128 127 -128 127 -128 127 -128 127 -128 127 
-128 127 -128 127 -128 127 -128 127 -128 127 -128 127 -128 127 -128 127 
-128 127 -128 127 -128 127 -128 127 -128 127 -128 127 -128 127 -128 127 
-128 127 -128 127 -128 127 -128 127 -128 127 -128 127 -128 127 -128 127 
GEMMINI: preload - scratchpad output addr = 0xa0000000, scratchpad preload addr = 0x00000010
GEMMINI: compute - preload = 1, scratchpad A addr = 0x00000000,scratchpad B addr 0xffffffff
GEMMINI: compute - PEs after preloading:
127 -128 127 -128 127 -128 127 -128 127 -128 127 -128 127 -128 127 -128 
127 -128 127 -128 127 -128 127 -128 127 -128 127 -128 127 -128 127 -128 
127 -128 127 -128 127 -128 127 -128 127 -128 127 -128 127 -128 127 -128 
127 -128 127 -128 127 -128 127 -128 127 -128 127 -128 127 -128 127 -128 
127 -128 127 -128 127 -128 127 -128 127 -128 127 -128 127 -128 127 -128 
127 -128 127 -128 127 -128 127 -128 127 -128 127 -128 127 -128 127 -128 
127 -128 127 -128 127 -128 127 -128 127 -128 127 -128 127 -128 127 -128 
127 -128 127 -128 127 -128 127 -128 127 -128 127 -128 127 -128 127 -128 
127 -128 127 -128 127 -128 127 -128 127 -128 127 -128 127 -128 127 -128 
127 -128 127 -128 127 -128 127 -128 127 -128 127 -128 127 -128 127 -128 
127 -128 127 -128 127 -128 127 -128 127 -128 127 -128 127 -128 127 -128 
127 -128 127 -128 127 -128 127 -128 127 -128 127 -128 127 -128 127 -128 
127 -128 127 -128 127 -128 127 -128 127 -128 127 -128 127 -128 127 -128 
127 -128 127 -128 127 -128 127 -128 127 -128 127 -128 127 -128 127 -128 
127 -128 127 -128 127 -128 127 -128 127 -128 127 -128 127 -128 127 -128 
127 -128 127 -128 127 -128 127 -128 127 -128 127 -128 127 -128 127 -128 
GEMMINI: compute - PEs after matmul:
127 -128 127 -128 127 -128 127 -128 127 -128 127 -128 127 -128 127 -128 
127 -128 127 -128 127 -128 127 -128 127 -128 127 -128 127 -128 127 -128 
127 -128 127 -128 127 -128 127 -128 127 -128 127 -128 127 -128 127 -128 
127 -128 127 -128 127 -128 127 -128 127 -128 127 -128 127 -128 127 -128 
127 -128 127 -128 127 -128 127 -128 127 -128 127 -128 127 -128 127 -128 
127 -128 127 -128 127 -128 127 -128 127 -128 127 -128 127 -128 127 -128 
127 -128 127 -128 127 -128 127 -128 127 -128 127 -128 127 -128 127 -128 
127 -128 127 -128 127 -128 127 -128 127 -128 127 -128 127 -128 127 -128 
127 -128 127 -128 127 -128 127 -128 127 -128 127 -128 127 -128 127 -128 
127 -128 127 -128 127 -128 127 -128 127 -128 127 -128 127 -128 127 -128 
127 -128 127 -128 127 -128 127 -128 127 -128 127 -128 127 -128 127 -128 
127 -128 127 -128 127 -128 127 -128 127 -128 127 -128 127 -128 127 -128 
127 -128 127 -128 127 -128 127 -128 127 -128 127 -128 127 -128 127 -128 
127 -128 127 -128 127 -128 127 -128 127 -128 127 -128 127 -128 127 -128 
127 -128 127 -128 127 -128 127 -128 127 -128 127 -128 127 -128 127 -128 
127 -128 127 -128 127 -128 127 -128 127 -128 127 -128 127 -128 127 -128 
GEMMINI: compute - writing results to addr 0xa0000000, :
-1016 1024 -1016 1024 -1016 1024 -1016 1024 -1016 1024 -1016 1024 -1016 1024 -1016 1024 
-1016 1024 -1016 1024 -1016 1024 -1016 1024 -1016 1024 -1016 1024 -1016 1024 -1016 1024 
-1016 1024 -1016 1024 -1016 1024 -1016 1024 -1016 1024 -1016 1024 -1016 1024 -1016 1024 
-1016 1024 -1016 1024 -1016 1024 -1016 1024 -1016 1024 -1016 1024 -1016 1024 -1016 1024 
-1016 1024 -1016 1024 -1016 1024 -1016 1024 -1016 1024 -1016 1024 -1016 1024 -1016 1024 
-1016 1024 -1016 1024 -1016 1024 -1016 1024 -1016 1024 -1016 1024 -1016 1024 -1016 1024 
-1016 1024 -1016 1024 -1016 1024 -1016 1024 -1016 1024 -1016 1024 -1016 1024 -1016 1024 
-1016 1024 -1016 1024 -1016 1024 -1016 1024 -1016 1024 -1016 1024 -1016 1024 -1016 1024 
-1016 1024 -1016 1024 -1016 1024 -1016 1024 -1016 1024 -1016 1024 -1016 1024 -1016 1024 
-1016 1024 -1016 1024 -1016 1024 -1016 1024 -1016 1024 -1016 1024 -1016 1024 -1016 1024 
-1016 1024 -1016 1024 -1016 1024 -1016 1024 -1016 1024 -1016 1024 -1016 1024 -1016 1024 
-1016 1024 -1016 1024 -1016 1024 -1016 1024 -1016 1024 -1016 1024 -1016 1024 -1016 1024 
-1016 1024 -1016 1024 -1016 1024 -1016 1024 -1016 1024 -1016 1024 -1016 1024 -1016 1024 
-1016 1024 -1016 1024 -1016 1024 -1016 1024 -1016 1024 -1016 1024 -1016 1024 -1016 1024 
-1016 1024 -1016 1024 -1016 1024 -1016 1024 -1016 1024 -1016 1024 -1016 1024 -1016 1024 
-1016 1024 -1016 1024 -1016 1024 -1016 1024 -1016 1024 -1016 1024 -1016 1024 -1016 1024 
GEMMINI: mvin - 0x10 cols and 0x10 rows from 0x20000200 to addr 0x00000010
127 -128 127 -128 127 -128 127 -128 127 -128 127 -128 127 -128 127 -128 
127 -128 127 -128 127 -128 127 -128 127 -128 127 -128 127 -128 127 -128 
127 -128 127 -128 127 -128 127 -128 127 -128 127 -128 127 -128 127 -128 
127 -128 127 -128 127 -128 127 -128 127 -128 127 -128 127 -128 127 -128 
127 -128 127 -128 127 -128 127 -128 127 -128 127 -128 127 -128 127 -128 
127 -128 127 -128 127 -128 127 -128 127 -128 127 -128 127 -128 127 -128 
127 -128 127 -128 127 -128 127 -128 127 -128 127 -128 127 -128 127 -128 
127 -128 127 -128 127 -128 127 -128 127 -128 127 -128 127 -128 127 -128 
127 -128 127 -128 127 -128 127 -128 127 -128 127 -128 127 -128 127 -128 
127 -128 127 -128 127 -128 127 -128 127 -128 127 -128 127 -128 127 -128 
127 -128 127 -128 127 -128 127 -128 127 -128 127 -128 127 -128 127 -128 
127 -128 127 -128 127 -128 127 -128 127 -128 127 -128 127 -128 127 -128 
127 -128 127 -128 127 -128 127 -128 127 -128 127 -128 127 -128 127 -128 
127 -128 127 -128 127 -128 127 -128 127 -128 127 -128 127 -128 127 -128 
127 -128 127 -128 127 -128 127 -128 127 -128 127 -128 127 -128 127 -128 
127 -128 127 -128 127 -128 127 -128 127 -128 127 -128 127 -128 127 -128 
GEMMINI: mvin - 0x10 cols and 0x10 rows from 0x10000010 to addr 0x00000000
-128 127 -128 127 -128 127 -128 127 -128 127 -128 127 -128 127 -128 127 
-128 127 -128 127 -128 127 -128 127 -128 127 -128 127 -128 127 -128 127 
-128 127 -128 127 -128 127 -128 127 -128 127 -128 127 -128 127 -128 127 
-128 127 -128 127 -128 127 -128 127 -128 127 -128 127 -128 127 -128 127 
-128 127 -128 127 -128 127 -128 127 -128 127 -128 127 -128 127 -128 127 
-128 127 -128 127 -128 127 -128 127 -128 127 -128 127 -128 127 -128 127 
-128 127 -128 127 -128 127 -128 127 -128 127 -128 127 -128 127 -128 127 
-128 127 -128 127 -128 127 -128 127 -128 127 -128 127 -128 127 -128 127 
-128 127 -128 127 -128 127 -128 127 -128 127 -128 127 -128 127 -128 127 
-128 127 -128 127 -128 127 -128 127 -128 127 -128 127 -128 127 -128 127 
-128 127 -128 127 -128 127 -128 127 -128 127 -128 127 -128 127 -128 127 
-128 127 -128 127 -128 127 -128 127 -128 127 -128 127 -128 127 -128 127 
-128 127 -128 127 -128 127 -128 127 -128 127 -128 127 -128 127 -128 127 
-128 127 -128 127 -128 127 -128 127 -128 127 -128 127 -128 127 -128 127 
-128 127 -128 127 -128 127 -128 127 -128 127 -128 127 -128 127 -128 127 
-128 127 -128 127 -128 127 -128 127 -128 127 -128 127 -128 127 -128 127 
GEMMINI: preload - scratchpad output addr = 0xe0000000, scratchpad preload addr = 0x00000010
GEMMINI: compute - preload = 1, scratchpad A addr = 0x00000000,scratchpad B addr 0xffffffff
GEMMINI: compute - PEs after preloading:
127 -128 127 -128 127 -128 127 -128 127 -128 127 -128 127 -128 127 -128 
127 -128 127 -128 127 -128 127 -128 127 -128 127 -128 127 -128 127 -128 
127 -128 127 -128 127 -128 127 -128 127 -128 127 -128 127 -128 127 -128 
127 -128 127 -128 127 -128 127 -128 127 -128 127 -128 127 -128 127 -128 
127 -128 127 -128 127 -128 127 -128 127 -128 127 -128 127 -128 127 -128 
127 -128 127 -128 127 -128 127 -128 127 -128 127 -128 127 -128 127 -128 
127 -128 127 -128 127 -128 127 -128 127 -128 127 -128 127 -128 127 -128 
127 -128 127 -128 127 -128 127 -128 127 -128 127 -128 127 -128 127 -128 
127 -128 127 -128 127 -128 127 -128 127 -128 127 -128 127 -128 127 -128 
127 -128 127 -128 127 -128 127 -128 127 -128 127 -128 127 -128 127 -128 
127 -128 127 -128 127 -128 127 -128 127 -128 127 -128 127 -128 127 -128 
127 -128 127 -128 127 -128 127 -128 127 -128 127 -128 127 -128 127 -128 
127 -128 127 -128 127 -128 127 -128 127 -128 127 -128 127 -128 127 -128 
127 -128 127 -128 127 -128 127 -128 127 -128 127 -128 127 -128 127 -128 
127 -128 127 -128 127 -128 127 -128 127 -128 127 -128 127 -128 127 -128 
127 -128 127 -128 127 -128 127 -128 127 -128 127 -128 127 -128 127 -128 
GEMMINI: compute - PEs after matmul:
127 -128 127 -128 127 -128 127 -128 127 -128 127 -128 127 -128 127 -128 
127 -128 127 -128 127 -128 127 -128 127 -128 127 -128 127 -128 127 -128 
127 -128 127 -128 127 -128 127 -128 127 -128 127 -128 127 -128 127 -128 
127 -128 127 -128 127 -128 127 -128 127 -128 127 -128 127 -128 127 -128 
127 -128 127 -128 127 -128 127 -128 127 -128 127 -128 127 -128 127 -128 
127 -128 127 -128 127 -128 127 -128 127 -128 127 -128 127 -128 127 -128 
127 -128 127 -128 127 -128 127 -128 127 -128 127 -128 127 -128 127 -128 
127 -128 127 -128 127 -128 127 -128 127 -128 127 -128 127 -128 127 -128 
127 -128 127 -128 127 -128 127 -128 127 -128 127 -128 127 -128 127 -128 
127 -128 127 -128 127 -128 127 -128 127 -128 127 -128 127 -128 127 -128 
127 -128 127 -128 127 -128 127 -128 127 -128 127 -128 127 -128 127 -128 
127 -128 127 -128 127 -128 127 -128 127 -128 127 -128 127 -128 127 -128 
127 -128 127 -128 127 -128 127 -128 127 -128 127 -128 127 -128 127 -128 
127 -128 127 -128 127 -128 127 -128 127 -128 127 -128 127 -128 127 -128 
127 -128 127 -128 127 -128 127 -128 127 -128 127 -128 127 -128 127 -128 
127 -128 127 -128 127 -128 127 -128 127 -128 127 -128 127 -128 127 -128 
GEMMINI: compute - writing results to addr 0xe0000000, :
-2032 2048 -2032 2048 -2032 2048 -2032 2048 -2032 2048 -2032 2048 -2032 2048 -2032 2048 
-2032 2048 -2032 2048 -2032 2048 -2032 2048 -2032 2048 -2032 2048 -2032 2048 -2032 2048 
-2032 2048 -2032 2048 -2032 2048 -2032 2048 -2032 2048 -2032 2048 -2032 2048 -2032 2048 
-2032 2048 -2032 2048 -2032 2048 -2032 2048 -2032 2048 -2032 2048 -2032 2048 -2032 2048 
-2032 2048 -2032 2048 -2032 2048 -2032 2048 -2032 2048 -2032 2048 -2032 2048 -2032 2048 
-2032 2048 -2032 2048 -2032 2048 -2032 2048 -2032 2048 -2032 2048 -2032 2048 -2032 2048 
-2032 2048 -2032 2048 -2032 2048 -2032 2048 -2032 2048 -2032 2048 -2032 2048 -2032 2048 
-2032 2048 -2032 2048 -2032 2048 -2032 2048 -2032 2048 -2032 2048 -2032 2048 -2032 2048 
-2032 2048 -2032 2048 -2032 2048 -2032 2048 -2032 2048 -2032 2048 -2032 2048 -2032 2048 
-2032 2048 -2032 2048 -2032 2048 -2032 2048 -2032 2048 -2032 2048 -2032 2048 -2032 2048 
-2032 2048 -2032 2048 -2032 2048 -2032 2048 -2032 2048 -2032 2048 -2032 2048 -2032 2048 
-2032 2048 -2032 2048 -2032 2048 -2032 2048 -2032 2048 -2032 2048 -2032 2048 -2032 2048 
-2032 2048 -2032 2048 -2032 2048 -2032 2048 -2032 2048 -2032 2048 -2032 2048 -2032 2048 
-2032 2048 -2032 2048 -2032 2048 -2032 2048 -2032 2048 -2032 2048 -2032 2048 -2032 2048 
-2032 2048 -2032 2048 -2032 2048 -2032 2048 -2032 2048 -2032 2048 -2032 2048 -2032 2048 
-2032 2048 -2032 2048 -2032 2048 -2032 2048 -2032 2048 -2032 2048 -2032 2048 -2032 2048 
GEMMINI: mvin - 0x10 cols and 0x10 rows from 0x20000400 to addr 0x00000010
127 -128 127 -128 127 -128 127 -128 127 -128 127 -128 127 -128 127 -128 
127 -128 127 -128 127 -128 127 -128 127 -128 127 -128 127 -128 127 -128 
127 -128 127 -128 127 -128 127 -128 127 -128 127 -128 127 -128 127 -128 
127 -128 127 -128 127 -128 127 -128 127 -128 127 -128 127 -128 127 -128 
127 -128 127 -128 127 -128 127 -128 127 -128 127 -128 127 -128 127 -128 
127 -128 127 -128 127 -128 127 -128 127 -128 127 -128 127 -128 127 -128 
127 -128 127 -128 127 -128 127 -128 127 -128 127 -128 127 -128 127 -128 
127 -128 127 -128 127 -128 127 -128 127 -128 127 -128 127 -128 127 -128 
127 -128 127 -128 127 -128 127 -128 127 -128 127 -128 127 -128 127 -128 
127 -128 127 -128 127 -128 127 -128 127 -128 127 -128 127 -128 127 -128 
127 -128 127 -128 127 -128 127 -128 127 -128 127 -128 127 -128 127 -128 
127 -128 127 -128 127 -128 127 -128 127 -128 127 -128 127 -128 127 -128 
127 -128 127 -128 127 -128 127 -128 127 -128 127 -128 127 -128 127 -128 
127 -128 127 -128 127 -128 127 -128 127 -128 127 -128 127 -128 127 -128 
127 -128 127 -128 127 -128 127 -128 127 -128 127 -128 127 -128 127 -128 
127 -128 127 -128 127 -128 127 -128 127 -128 127 -128 127 -128 127 -128 
GEMMINI: mvin - 0x10 cols and 0x10 rows from 0x10000020 to addr 0x00000000
-128 127 -128 127 -128 127 -128 127 -128 127 -128 127 -128 127 -128 127 
-128 127 -128 127 -128 127 -128 127 -128 127 -128 127 -128 127 -128 127 
-128 127 -128 127 -128 127 -128 127 -128 127 -128 127 -128 127 -128 127 
-128 127 -128 127 -128 127 -128 127 -128 127 -128 127 -128 127 -128 127 
-128 127 -128 127 -128 127 -128 127 -128 127 -128 127 -128 127 -128 127 
-128 127 -128 127 -128 127 -128 127 -128 127 -128 127 -128 127 -128 127 
-128 127 -128 127 -128 127 -128 127 -128 127 -128 127 -128 127 -128 127 
-128 127 -128 127 -128 127 -128 127 -128 127 -128 127 -128 127 -128 127 
-128 127 -128 127 -128 127 -128 127 -128 127 -128 127 -128 127 -128 127 
-128 127 -128 127 -128 127 -128 127 -128 127 -128 127 -128 127 -128 127 
-128 127 -128 127 -128 127 -128 127 -128 127 -128 127 -128 127 -128 127 
-128 127 -128 127 -128 127 -128 127 -128 127 -128 127 -128 127 -128 127 
-128 127 -128 127 -128 127 -128 127 -128 127 -128 127 -128 127 -128 127 
-128 127 -128 127 -128 127 -128 127 -128 127 -128 127 -128 127 -128 127 
-128 127 -128 127 -128 127 -128 127 -128 127 -128 127 -128 127 -128 127 
-128 127 -128 127 -128 127 -128 127 -128 127 -128 127 -128 127 -128 127 
GEMMINI: preload - scratchpad output addr = 0xe0000000, scratchpad preload addr = 0x00000010
GEMMINI: compute - preload = 1, scratchpad A addr = 0x00000000,scratchpad B addr 0xffffffff
GEMMINI: compute - PEs after preloading:
127 -128 127 -128 127 -128 127 -128 127 -128 127 -128 127 -128 127 -128 
127 -128 127 -128 127 -128 127 -128 127 -128 127 -128 127 -128 127 -128 
127 -128 127 -128 127 -128 127 -128 127 -128 127 -128 127 -128 127 -128 
127 -128 127 -128 127 -128 127 -128 127 -128 127 -128 127 -128 127 -128 
127 -128 127 -128 127 -128 127 -128 127 -128 127 -128 127 -128 127 -128 
127 -128 127 -128 127 -128 127 -128 127 -128 127 -128 127 -128 127 -128 
127 -128 127 -128 127 -128 127 -128 127 -128 127 -128 127 -128 127 -128 
127 -128 127 -128 127 -128 127 -128 127 -128 127 -128 127 -128 127 -128 
127 -128 127 -128 127 -128 127 -128 127 -128 127 -128 127 -128 127 -128 
127 -128 127 -128 127 -128 127 -128 127 -128 127 -128 127 -128 127 -128 
127 -128 127 -128 127 -128 127 -128 127 -128 127 -128 127 -128 127 -128 
127 -128 127 -128 127 -128 127 -128 127 -128 127 -128 127 -128 127 -128 
127 -128 127 -128 127 -128 127 -128 127 -128 127 -128 127 -128 127 -128 
127 -128 127 -128 127 -128 127 -128 127 -128 127 -128 127 -128 127 -128 
127 -128 127 -128 127 -128 127 -128 127 -128 127 -128 127 -128 127 -128 
127 -128 127 -128 127 -128 127 -128 127 -128 127 -128 127 -128 127 -128 
GEMMINI: compute - PEs after matmul:
127 -128 127 -128 127 -128 127 -128 127 -128 127 -128 127 -128 127 -128 
127 -128 127 -128 127 -128 127 -128 127 -128 127 -128 127 -128 127 -128 
127 -128 127 -128 127 -128 127 -128 127 -128 127 -128 127 -128 127 -128 
127 -128 127 -128 127 -128 127 -128 127 -128 127 -128 127 -128 127 -128 
127 -128 127 -128 127 -128 127 -128 127 -128 127 -128 127 -128 127 -128 
127 -128 127 -128 127 -128 127 -128 127 -128 127 -128 127 -128 127 -128 
127 -128 127 -128 127 -128 127 -128 127 -128 127 -128 127 -128 127 -128 
127 -128 127 -128 127 -128 127 -128 127 -128 127 -128 127 -128 127 -128 
127 -128 127 -128 127 -128 127 -128 127 -128 127 -128 127 -128 127 -128 
127 -128 127 -128 127 -128 127 -128 127 -128 127 -128 127 -128 127 -128 
127 -128 127 -128 127 -128 127 -128 127 -128 127 -128 127 -128 127 -128 
127 -128 127 -128 127 -128 127 -128 127 -128 127 -128 127 -128 127 -128 
127 -128 127 -128 127 -128 127 -128 127 -128 127 -128 127 -128 127 -128 
127 -128 127 -128 127 -128 127 -128 127 -128 127 -128 127 -128 127 -128 
127 -128 127 -128 127 -128 127 -128 127 -128 127 -128 127 -128 127 -128 
127 -128 127 -128 127 -128 127 -128 127 -128 127 -128 127 -128 127 -128 
GEMMINI: compute - writing results to addr 0xe0000000, :
-3048 3072 -3048 3072 -3048 3072 -3048 3072 -3048 3072 -3048 3072 -3048 3072 -3048 3072 
-3048 3072 -3048 3072 -3048 3072 -3048 3072 -3048 3072 -3048 3072 -3048 3072 -3048 3072 
-3048 3072 -3048 3072 -3048 3072 -3048 3072 -3048 3072 -3048 3072 -3048 3072 -3048 3072 
-3048 3072 -3048 3072 -3048 3072 -3048 3072 -3048 3072 -3048 3072 -3048 3072 -3048 3072 
-3048 3072 -3048 3072 -3048 3072 -3048 3072 -3048 3072 -3048 3072 -3048 3072 -3048 3072 
-3048 3072 -3048 3072 -3048 3072 -3048 3072 -3048 3072 -3048 3072 -3048 3072 -3048 3072 
-3048 3072 -3048 3072 -3048 3072 -3048 3072 -3048 3072 -3048 3072 -3048 3072 -3048 3072 
-3048 3072 -3048 3072 -3048 3072 -3048 3072 -3048 3072 -3048 3072 -3048 3072 -3048 3072 
-3048 3072 -3048 3072 -3048 3072 -3048 3072 -3048 3072 -3048 3072 -3048 3072 -3048 3072 
-3048 3072 -3048 3072 -3048 3072 -3048 3072 -3048 3072 -3048 3072 -3048 3072 -3048 3072 
-3048 3072 -3048 3072 -3048 3072 -3048 3072 -3048 3072 -3048 3072 -3048 3072 -3048 3072 
-3048 3072 -3048 3072 -3048 3072 -3048 3072 -3048 3072 -3048 3072 -3048 3072 -3048 3072 
-3048 3072 -3048 3072 -3048 3072 -3048 3072 -3048 3072 -3048 3072 -3048 3072 -3048 3072 
-3048 3072 -3048 3072 -3048 3072 -3048 3072 -3048 3072 -3048 3072 -3048 3072 -3048 3072 
-3048 3072 -3048 3072 -3048 3072 -3048 3072 -3048 3072 -3048 3072 -3048 3072 -3048 3072 
-3048 3072 -3048 3072 -3048 3072 -3048 3072 -3048 3072 -3048 3072 -3048 3072 -3048 3072 
GEMMINI: mvout - 0x10 cols and 0x10 rows from 0x100010e0000000 to addr 0x30000000
-3048 3072 -3048 3072 -3048 3072 -3048 3072 -3048 3072 -3048 3072 -3048 3072 -3048 3072 
-3048 3072 -3048 3072 -3048 3072 -3048 3072 -3048 3072 -3048 3072 -3048 3072 -3048 3072 
-3048 3072 -3048 3072 -3048 3072 -3048 3072 -3048 3072 -3048 3072 -3048 3072 -3048 3072 
-3048 3072 -3048 3072 -3048 3072 -3048 3072 -3048 3072 -3048 3072 -3048 3072 -3048 3072 
-3048 3072 -3048 3072 -3048 3072 -3048 3072 -3048 3072 -3048 3072 -3048 3072 -3048 3072 
-3048 3072 -3048 3072 -3048 3072 -3048 3072 -3048 3072 -3048 3072 -3048 3072 -3048 3072 
-3048 3072 -3048 3072 -3048 3072 -3048 3072 -3048 3072 -3048 3072 -3048 3072 -3048 3072 
-3048 3072 -3048 3072 -3048 3072 -3048 3072 -3048 3072 -3048 3072 -3048 3072 -3048 3072 
-3048 3072 -3048 3072 -3048 3072 -3048 3072 -3048 3072 -3048 3072 -3048 3072 -3048 3072 
-3048 3072 -3048 3072 -3048 3072 -3048 3072 -3048 3072 -3048 3072 -3048 3072 -3048 3072 
-3048 3072 -3048 3072 -3048 3072 -3048 3072 -3048 3072 -3048 3072 -3048 3072 -3048 3072 
-3048 3072 -3048 3072 -3048 3072 -3048 3072 -3048 3072 -3048 3072 -3048 3072 -3048 3072 
-3048 3072 -3048 3072 -3048 3072 -3048 3072 -3048 3072 -3048 3072 -3048 3072 -3048 3072 
-3048 3072 -3048 3072 -3048 3072 -3048 3072 -3048 3072 -3048 3072 -3048 3072 -3048 3072 
-3048 3072 -3048 3072 -3048 3072 -3048 3072 -3048 3072 -3048 3072 -3048 3072 -3048 3072 
-3048 3072 -3048 3072 -3048 3072 -3048 3072 -3048 3072 -3048 3072 -3048 3072 -3048 3072 
GEMMINI: mvin - 0x10 cols and 0x10 rows from 0x20000010 to addr 0x00000010
127 -128 127 -128 127 -128 127 -128 127 -128 127 -128 127 -128 127 -128 
127 -128 127 -128 127 -128 127 -128 127 -128 127 -128 127 -128 127 -128 
127 -128 127 -128 127 -128 127 -128 127 -128 127 -128 127 -128 127 -128 
127 -128 127 -128 127 -128 127 -128 127 -128 127 -128 127 -128 127 -128 
127 -128 127 -128 127 -128 127 -128 127 -128 127 -128 127 -128 127 -128 
127 -128 127 -128 127 -128 127 -128 127 -128 127 -128 127 -128 127 -128 
127 -128 127 -128 127 -128 127 -128 127 -128 127 -128 127 -128 127 -128 
127 -128 127 -128 127 -128 127 -128 127 -128 127 -128 127 -128 127 -128 
127 -128 127 -128 127 -128 127 -128 127 -128 127 -128 127 -128 127 -128 
127 -128 127 -128 127 -128 127 -128 127 -128 127 -128 127 -128 127 -128 
127 -128 127 -128 127 -128 127 -128 127 -128 127 -128 127 -128 127 -128 
127 -128 127 -128 127 -128 127 -128 127 -128 127 -128 127 -128 127 -128 
127 -128 127 -128 127 -128 127 -128 127 -128 127 -128 127 -128 127 -128 
127 -128 127 -128 127 -128 127 -128 127 -128 127 -128 127 -128 127 -128 
127 -128 127 -128 127 -128 127 -128 127 -128 127 -128 127 -128 127 -128 
127 -128 127 -128 127 -128 127 -128 127 -128 127 -128 127 -128 127 -128 
GEMMINI: mvin - 0x10 cols and 0x10 rows from 0x10000000 to addr 0x00000000
-128 127 -128 127 -128 127 -128 127 -128 127 -128 127 -128 127 -128 127 
-128 127 -128 127 -128 127 -128 127 -128 127 -128 127 -128 127 -128 127 
-128 127 -128 127 -128 127 -128 127 -128 127 -128 127 -128 127 -128 127 
-128 127 -128 127 -128 127 -128 127 -128 127 -128 127 -128 127 -128 127 
-128 127 -128 127 -128 127 -128 127 -128 127 -128 127 -128 127 -128 127 
-128 127 -128 127 -128 127 -128 127 -128 127 -128 127 -128 127 -128 127 
-128 127 -128 127 -128 127 -128 127 -128 127 -128 127 -128 127 -128 127 
-128 127 -128 127 -128 127 -128 127 -128 127 -128 127 -128 127 -128 127 
-128 127 -128 127 -128 127 -128 127 -128 127 -128 127 -128 127 -128 127 
-128 127 -128 127 -128 127 -128 127 -128 127 -128 127 -128 127 -128 127 
-128 127 -128 127 -128 127 -128 127 -128 127 -128 127 -128 127 -128 127 
-128 127 -128 127 -128 127 -128 127 -128 127 -128 127 -128 127 -128 127 
-128 127 -128 127 -128 127 -128 127 -128 127 -128 127 -128 127 -128 127 
-128 127 -128 127 -128 127 -128 127 -128 127 -128 127 -128 127 -128 127 
-128 127 -128 127 -128 127 -128 127 -128 127 -128 127 -128 127 -128 127 
-128 127 -128 127 -128 127 -128 127 -128 127 -128 127 -128 127 -128 127 
GEMMINI: preload - scratchpad output addr = 0xa0000000, scratchpad preload addr = 0x00000010
GEMMINI: compute - preload = 1, scratchpad A addr = 0x00000000,scratchpad B addr 0xffffffff
GEMMINI: compute - PEs after preloading:
127 -128 127 -128 127 -128 127 -128 127 -128 127 -128 127 -128 127 -128 
127 -128 127 -128 127 -128 127 -128 127 -128 127 -128 127 -128 127 -128 
127 -128 127 -128 127 -128 127 -128 127 -128 127 -128 127 -128 127 -128 
127 -128 127 -128 127 -128 127 -128 127 -128 127 -128 127 -128 127 -128 
127 -128 127 -128 127 -128 127 -128 127 -128 127 -128 127 -128 127 -128 
127 -128 127 -128 127 -128 127 -128 127 -128 127 -128 127 -128 127 -128 
127 -128 127 -128 127 -128 127 -128 127 -128 127 -128 127 -128 127 -128 
127 -128 127 -128 127 -128 127 -128 127 -128 127 -128 127 -128 127 -128 
127 -128 127 -128 127 -128 127 -128 127 -128 127 -128 127 -128 127 -128 
127 -128 127 -128 127 -128 127 -128 127 -128 127 -128 127 -128 127 -128 
127 -128 127 -128 127 -128 127 -128 127 -128 127 -128 127 -128 127 -128 
127 -128 127 -128 127 -128 127 -128 127 -128 127 -128 127 -128 127 -128 
127 -128 127 -128 127 -128 127 -128 127 -128 127 -128 127 -128 127 -128 
127 -128 127 -128 127 -128 127 -128 127 -128 127 -128 127 -128 127 -128 
127 -128 127 -128 127 -128 127 -128 127 -128 127 -128 127 -128 127 -128 
127 -128 127 -128 127 -128 127 -128 127 -128 127 -128 127 -128 127 -128 
GEMMINI: compute - PEs after matmul:
127 -128 127 -128 127 -128 127 -128 127 -128 127 -128 127 -128 127 -128 
127 -128 127 -128 127 -128 127 -128 127 -128 127 -128 127 -128 127 -128 
127 -128 127 -128 127 -128 127 -128 127 -128 127 -128 127 -128 127 -128 
127 -128 127 -128 127 -128 127 -128 127 -128 127 -128 127 -128 127 -128 
127 -128 127 -128 127 -128 127 -128 127 -128 127 -128 127 -128 127 -128 
127 -128 127 -128 127 -128 127 -128 127 -128 127 -128 127 -128 127 -128 
127 -128 127 -128 127 -128 127 -128 127 -128 127 -128 127 -128 127 -128 
127 -128 127 -128 127 -128 127 -128 127 -128 127 -128 127 -128 127 -128 
127 -128 127 -128 127 -128 127 -128 127 -128 127 -128 127 -128 127 -128 
127 -128 127 -128 127 -128 127 -128 127 -128 127 -128 127 -128 127 -128 
127 -128 127 -128 127 -128 127 -128 127 -128 127 -128 127 -128 127 -128 
127 -128 127 -128 127 -128 127 -128 127 -128 127 -128 127 -128 127 -128 
127 -128 127 -128 127 -128 127 -128 127 -128 127 -128 127 -128 127 -128 
127 -128 127 -128 127 -128 127 -128 127 -128 127 -128 127 -128 127 -128 
127 -128 127 -128 127 -128 127 -128 127 -128 127 -128 127 -128 127 -128 
127 -128 127 -128 127 -128 127 -128 127 -128 127 -128 127 -128 127 -128 
GEMMINI: compute - writing results to addr 0xa0000000, :
-1016 1024 -1016 1024 -1016 1024 -1016 1024 -1016 1024 -1016 1024 -1016 1024 -1016 1024 
-1016 1024 -1016 1024 -1016 1024 -1016 1024 -1016 1024 -1016 1024 -1016 1024 -1016 1024 
-1016 1024 -1016 1024 -1016 1024 -1016 1024 -1016 1024 -1016 1024 -1016 1024 -1016 1024 
-1016 1024 -1016 1024 -1016 1024 -1016 1024 -1016 1024 -1016 1024 -1016 1024 -1016 1024 
-1016 1024 -1016 1024 -1016 1024 -1016 1024 -1016 1024 -1016 1024 -1016 1024 -1016 1024 
-1016 1024 -1016 1024 -1016 1024 -1016 1024 -1016 1024 -1016 1024 -1016 1024 -1016 1024 
-1016 1024 -1016 1024 -1016 1024 -1016 1024 -1016 1024 -1016 1024 -1016 1024 -1016 1024 
-1016 1024 -1016 1024 -1016 1024 -1016 1024 -1016 1024 -1016 1024 -1016 1024 -1016 1024 
-1016 1024 -1016 1024 -1016 1024 -1016 1024 -1016 1024 -1016 1024 -1016 1024 -1016 1024 
-1016 1024 -1016 1024 -1016 1024 -1016 1024 -1016 1024 -1016 1024 -1016 1024 -1016 1024 
-1016 1024 -1016 1024 -1016 1024 -1016 1024 -1016 1024 -1016 1024 -1016 1024 -1016 1024 
-1016 1024 -1016 1024 -1016 1024 -1016 1024 -1016 1024 -1016 1024 -1016 1024 -1016 1024 
-1016 1024 -1016 1024 -1016 1024 -1016 1024 -1016 1024 -1016 1024 -1016 1024 -1016 1024 
-1016 1024 -1016 1024 -1016 1024 -1016 1024 -1016 1024 -1016 1024 -1016 1024 -1016 1024 
-1016 1024 -1016 1024 -1016 1024 -1016 1024 -1016 1024 -1016 1024 -1016 1024 -1016 1024 
-1016 1024 -1016 1024 -1016 1024 -1016 1024 -1016 1024 -1016 1024 -1016 1024 -1016 1024 
GEMMINI: mvin - 0x10 cols and 0x10 rows from 0x20000210 to addr 0x00000010
127 -128 127 -128 127 -128 127 -128 127 -128 127 -128 127 -128 127 -128 
127 -128 127 -128 127 -128 127 -128 127 -128 127 -128 127 -128 127 -128 
127 -128 127 -128 127 -128 127 -128 127 -128 127 -128 127 -128 127 -128 
127 -128 127 -128 127 -128 127 -128 127 -128 127 -128 127 -128 127 -128 
127 -128 127 -128 127 -128 127 -128 127 -128 127 -128 127 -128 127 -128 
127 -128 127 -128 127 -128 127 -128 127 -128 127 -128 127 -128 127 -128 
127 -128 127 -128 127 -128 127 -128 127 -128 127 -128 127 -128 127 -128 
127 -128 127 -128 127 -128 127 -128 127 -128 127 -128 127 -128 127 -128 
127 -128 127 -128 127 -128 127 -128 127 -128 127 -128 127 -128 127 -128 
127 -128 127 -128 127 -128 127 -128 127 -128 127 -128 127 -128 127 -128 
127 -128 127 -128 127 -128 127 -128 127 -128 127 -128 127 -128 127 -128 
127 -128 127 -128 127 -128 127 -128 127 -128 127 -128 127 -128 127 -128 
127 -128 127 -128 127 -128 127 -128 127 -128 127 -128 127 -128 127 -128 
127 -128 127 -128 127 -128 127 -128 127 -128 127 -128 127 -128 127 -128 
127 -128 127 -128 127 -128 127 -128 127 -128 127 -128 127 -128 127 -128 
127 -128 127 -128 127 -128 127 -128 127 -128 127 -128 127 -128 127 -128 
GEMMINI: mvin - 0x10 cols and 0x10 rows from 0x10000010 to addr 0x00000000
-128 127 -128 127 -128 127 -128 127 -128 127 -128 127 -128 127 -128 127 
-128 127 -128 127 -128 127 -128 127 -128 127 -128 127 -128 127 -128 127 
-128 127 -128 127 -128 127 -128 127 -128 127 -128 127 -128 127 -128 127 
-128 127 -128 127 -128 127 -128 127 -128 127 -128 127 -128 127 -128 127 
-128 127 -128 127 -128 127 -128 127 -128 127 -128 127 -128 127 -128 127 
-128 127 -128 127 -128 127 -128 127 -128 127 -128 127 -128 127 -128 127 
-128 127 -128 127 -128 127 -128 127 -128 127 -128 127 -128 127 -128 127 
-128 127 -128 127 -128 127 -128 127 -128 127 -128 127 -128 127 -128 127 
-128 127 -128 127 -128 127 -128 127 -128 127 -128 127 -128 127 -128 127 
-128 127 -128 127 -128 127 -128 127 -128 127 -128 127 -128 127 -128 127 
-128 127 -128 127 -128 127 -128 127 -128 127 -128 127 -128 127 -128 127 
-128 127 -128 127 -128 127 -128 127 -128 127 -128 127 -128 127 -128 127 
-128 127 -128 127 -128 127 -128 127 -128 127 -128 127 -128 127 -128 127 
-128 127 -128 127 -128 127 -128 127 -128 127 -128 127 -128 127 -128 127 
-128 127 -128 127 -128 127 -128 127 -128 127 -128 127 -128 127 -128 127 
-128 127 -128 127 -128 127 -128 127 -128 127 -128 127 -128 127 -128 127 
GEMMINI: preload - scratchpad output addr = 0xe0000000, scratchpad preload addr = 0x00000010
GEMMINI: compute - preload = 1, scratchpad A addr = 0x00000000,scratchpad B addr 0xffffffff
GEMMINI: compute - PEs after preloading:
127 -128 127 -128 127 -128 127 -128 127 -128 127 -128 127 -128 127 -128 
127 -128 127 -128 127 -128 127 -128 127 -128 127 -128 127 -128 127 -128 
127 -128 127 -128 127 -128 127 -128 127 -128 127 -128 127 -128 127 -128 
127 -128 127 -128 127 -128 127 -128 127 -128 127 -128 127 -128 127 -128 
127 -128 127 -128 127 -128 127 -128 127 -128 127 -128 127 -128 127 -128 
127 -128 127 -128 127 -128 127 -128 127 -128 127 -128 127 -128 127 -128 
127 -128 127 -128 127 -128 127 -128 127 -128 127 -128 127 -128 127 -128 
127 -128 127 -128 127 -128 127 -128 127 -128 127 -128 127 -128 127 -128 
127 -128 127 -128 127 -128 127 -128 127 -128 127 -128 127 -128 127 -128 
127 -128 127 -128 127 -128 127 -128 127 -128 127 -128 127 -128 127 -128 
127 -128 127 -128 127 -128 127 -128 127 -128 127 -128 127 -128 127 -128 
127 -128 127 -128 127 -128 127 -128 127 -128 127 -128 127 -128 127 -128 
127 -128 127 -128 127 -128 127 -128 127 -128 127 -128 127 -128 127 -128 
127 -128 127 -128 127 -128 127 -128 127 -128 127 -128 127 -128 127 -128 
127 -128 127 -128 127 -128 127 -128 127 -128 127 -128 127 -128 127 -128 
127 -128 127 -128 127 -128 127 -128 127 -128 127 -128 127 -128 127 -128 
GEMMINI: compute - PEs after matmul:
127 -128 127 -128 127 -128 127 -128 127 -128 127 -128 127 -128 127 -128 
127 -128 127 -128 127 -128 127 -128 127 -128 127 -128 127 -128 127 -128 
127 -128 127 -128 127 -128 127 -128 127 -128 127 -128 127 -128 127 -128 
127 -128 127 -128 127 -128 127 -128 127 -128 127 -128 127 -128 127 -128 
127 -128 127 -128 127 -128 127 -128 127 -128 127 -128 127 -128 127 -128 
127 -128 127 -128 127 -128 127 -128 127 -128 127 -128 127 -128 127 -128 
127 -128 127 -128 127 -128 127 -128 127 -128 127 -128 127 -128 127 -128 
127 -128 127 -128 127 -128 127 -128 127 -128 127 -128 127 -128 127 -128 
127 -128 127 -128 127 -128 127 -128 127 -128 127 -128 127 -128 127 -128 
127 -128 127 -128 127 -128 127 -128 127 -128 127 -128 127 -128 127 -128 
127 -128 127 -128 127 -128 127 -128 127 -128 127 -128 127 -128 127 -128 
127 -128 127 -128 127 -128 127 -128 127 -128 127 -128 127 -128 127 -128 
127 -128 127 -128 127 -128 127 -128 127 -128 127 -128 127 -128 127 -128 
127 -128 127 -128 127 -128 127 -128 127 -128 127 -128 127 -128 127 -128 
127 -128 127 -128 127 -128 127 -128 127 -128 127 -128 127 -128 127 -128 
127 -128 127 -128 127 -128 127 -128 127 -128 127 -128 127 -128 127 -128 
GEMMINI: compute - writing results to addr 0xe0000000, :
-2032 2048 -2032 2048 -2032 2048 -2032 2048 -2032 2048 -2032 2048 -2032 2048 -2032 2048 
-2032 2048 -2032 2048 -2032 2048 -2032 2048 -2032 2048 -2032 2048 -2032 2048 -2032 2048 
-2032 2048 -2032 2048 -2032 2048 -2032 2048 -2032 2048 -2032 2048 -2032 2048 -2032 2048 
-2032 2048 -2032 2048 -2032 2048 -2032 2048 -2032 2048 -2032 2048 -2032 2048 -2032 2048 
-2032 2048 -2032 2048 -2032 2048 -2032 2048 -2032 2048 -2032 2048 -2032 2048 -2032 2048 
-2032 2048 -2032 2048 -2032 2048 -2032 2048 -2032 2048 -2032 2048 -2032 2048 -2032 2048 
-2032 2048 -2032 2048 -2032 2048 -2032 2048 -2032 2048 -2032 2048 -2032 2048 -2032 2048 
-2032 2048 -2032 2048 -2032 2048 -2032 2048 -2032 2048 -2032 2048 -2032 2048 -2032 2048 
-2032 2048 -2032 2048 -2032 2048 -2032 2048 -2032 2048 -2032 2048 -2032 2048 -2032 2048 
-2032 2048 -2032 2048 -2032 2048 -2032 2048 -2032 2048 -2032 2048 -2032 2048 -2032 2048 
-2032 2048 -2032 2048 -2032 2048 -2032 2048 -2032 2048 -2032 2048 -2032 2048 -2032 2048 
-2032 2048 -2032 2048 -2032 2048 -2032 2048 -2032 2048 -2032 2048 -2032 2048 -2032 2048 
-2032 2048 -2032 2048 -2032 2048 -2032 2048 -2032 2048 -2032 2048 -2032 2048 -2032 2048 
-2032 2048 -2032 2048 -2032 2048 -2032 2048 -2032 2048 -2032 2048 -2032 2048 -2032 2048 
-2032 2048 -2032 2048 -2032 2048 -2032 2048 -2032 2048 -2032 2048 -2032 2048 -2032 2048 
-2032 2048 -2032 2048 -2032 2048 -2032 2048 -2032 2048 -2032 2048 -2032 2048 -2032 2048 
GEMMINI: mvin - 0x10 cols and 0x10 rows from 0x20000410 to addr 0x00000010
127 -128 127 -128 127 -128 127 -128 127 -128 127 -128 127 -128 127 -128 
127 -128 127 -128 127 -128 127 -128 127 -128 127 -128 127 -128 127 -128 
127 -128 127 -128 127 -128 127 -128 127 -128 127 -128 127 -128 127 -128 
127 -128 127 -128 127 -128 127 -128 127 -128 127 -128 127 -128 127 -128 
127 -128 127 -128 127 -128 127 -128 127 -128 127 -128 127 -128 127 -128 
127 -128 127 -128 127 -128 127 -128 127 -128 127 -128 127 -128 127 -128 
127 -128 127 -128 127 -128 127 -128 127 -128 127 -128 127 -128 127 -128 
127 -128 127 -128 127 -128 127 -128 127 -128 127 -128 127 -128 127 -128 
127 -128 127 -128 127 -128 127 -128 127 -128 127 -128 127 -128 127 -128 
127 -128 127 -128 127 -128 127 -128 127 -128 127 -128 127 -128 127 -128 
127 -128 127 -128 127 -128 127 -128 127 -128 127 -128 127 -128 127 -128 
127 -128 127 -128 127 -128 127 -128 127 -128 127 -128 127 -128 127 -128 
127 -128 127 -128 127 -128 127 -128 127 -128 127 -128 127 -128 127 -128 
127 -128 127 -128 127 -128 127 -128 127 -128 127 -128 127 -128 127 -128 
127 -128 127 -128 127 -128 127 -128 127 -128 127 -128 127 -128 127 -128 
127 -128 127 -128 127 -128 127 -128 127 -128 127 -128 127 -128 127 -128 
GEMMINI: mvin - 0x10 cols and 0x10 rows from 0x10000020 to addr 0x00000000
-128 127 -128 127 -128 127 -128 127 -128 127 -128 127 -128 127 -128 127 
-128 127 -128 127 -128 127 -128 127 -128 127 -128 127 -128 127 -128 127 
-128 127 -128 127 -128 127 -128 127 -128 127 -128 127 -128 127 -128 127 
-128 127 -128 127 -128 127 -128 127 -128 127 -128 127 -128 127 -128 127 
-128 127 -128 127 -128 127 -128 127 -128 127 -128 127 -128 127 -128 127 
-128 127 -128 127 -128 127 -128 127 -128 127 -128 127 -128 127 -128 127 
-128 127 -128 127 -128 127 -128 127 -128 127 -128 127 -128 127 -128 127 
-128 127 -128 127 -128 127 -128 127 -128 127 -128 127 -128 127 -128 127 
-128 127 -128 127 -128 127 -128 127 -128 127 -128 127 -128 127 -128 127 
-128 127 -128 127 -128 127 -128 127 -128 127 -128 127 -128 127 -128 127 
-128 127 -128 127 -128 127 -128 127 -128 127 -128 127 -128 127 -128 127 
-128 127 -128 127 -128 127 -128 127 -128 127 -128 127 -128 127 -128 127 
-128 127 -128 127 -128 127 -128 127 -128 127 -128 127 -128 127 -128 127 
-128 127 -128 127 -128 127 -128 127 -128 127 -128 127 -128 127 -128 127 
-128 127 -128 127 -128 127 -128 127 -128 127 -128 127 -128 127 -128 127 
-128 127 -128 127 -128 127 -128 127 -128 127 -128 127 -128 127 -128 127 
GEMMINI: preload - scratchpad output addr = 0xe0000000, scratchpad preload addr = 0x00000010
GEMMINI: compute - preload = 1, scratchpad A addr = 0x00000000,scratchpad B addr 0xffffffff
GEMMINI: compute - PEs after preloading:
127 -128 127 -128 127 -128 127 -128 127 -128 127 -128 127 -128 127 -128 
127 -128 127 -128 127 -128 127 -128 127 -128 127 -128 127 -128 127 -128 
127 -128 127 -128 127 -128 127 -128 127 -128 127 -128 127 -128 127 -128 
127 -128 127 -128 127 -128 127 -128 127 -128 127 -128 127 -128 127 -128 
127 -128 127 -128 127 -128 127 -128 127 -128 127 -128 127 -128 127 -128 
127 -128 127 -128 127 -128 127 -128 127 -128 127 -128 127 -128 127 -128 
127 -128 127 -128 127 -128 127 -128 127 -128 127 -128 127 -128 127 -128 
127 -128 127 -128 127 -128 127 -128 127 -128 127 -128 127 -128 127 -128 
127 -128 127 -128 127 -128 127 -128 127 -128 127 -128 127 -128 127 -128 
127 -128 127 -128 127 -128 127 -128 127 -128 127 -128 127 -128 127 -128 
127 -128 127 -128 127 -128 127 -128 127 -128 127 -128 127 -128 127 -128 
127 -128 127 -128 127 -128 127 -128 127 -128 127 -128 127 -128 127 -128 
127 -128 127 -128 127 -128 127 -128 127 -128 127 -128 127 -128 127 -128 
127 -128 127 -128 127 -128 127 -128 127 -128 127 -128 127 -128 127 -128 
127 -128 127 -128 127 -128 127 -128 127 -128 127 -128 127 -128 127 -128 
127 -128 127 -128 127 -128 127 -128 127 -128 127 -128 127 -128 127 -128 
GEMMINI: compute - PEs after matmul:
127 -128 127 -128 127 -128 127 -128 127 -128 127 -128 127 -128 127 -128 
127 -128 127 -128 127 -128 127 -128 127 -128 127 -128 127 -128 127 -128 
127 -128 127 -128 127 -128 127 -128 127 -128 127 -128 127 -128 127 -128 
127 -128 127 -128 127 -128 127 -128 127 -128 127 -128 127 -128 127 -128 
127 -128 127 -128 127 -128 127 -128 127 -128 127 -128 127 -128 127 -128 
127 -128 127 -128 127 -128 127 -128 127 -128 127 -128 127 -128 127 -128 
127 -128 127 -128 127 -128 127 -128 127 -128 127 -128 127 -128 127 -128 
127 -128 127 -128 127 -128 127 -128 127 -128 127 -128 127 -128 127 -128 
127 -128 127 -128 127 -128 127 -128 127 -128 127 -128 127 -128 127 -128 
127 -128 127 -128 127 -128 127 -128 127 -128 127 -128 127 -128 127 -128 
127 -128 127 -128 127 -128 127 -128 127 -128 127 -128 127 -128 127 -128 
127 -128 127 -128 127 -128 127 -128 127 -128 127 -128 127 -128 127 -128 
127 -128 127 -128 127 -128 127 -128 127 -128 127 -128 127 -128 127 -128 
127 -128 127 -128 127 -128 127 -128 127 -128 127 -128 127 -128 127 -128 
127 -128 127 -128 127 -128 127 -128 127 -128 127 -128 127 -128 127 -128 
127 -128 127 -128 127 -128 127 -128 127 -128 127 -128 127 -128 127 -128 
GEMMINI: compute - writing results to addr 0xe0000000, :
-3048 3072 -3048 3072 -3048 3072 -3048 3072 -3048 3072 -3048 3072 -3048 3072 -3048 3072 
-3048 3072 -3048 3072 -3048 3072 -3048 3072 -3048 3072 -3048 3072 -3048 3072 -3048 3072 
-3048 3072 -3048 3072 -3048 3072 -3048 3072 -3048 3072 -3048 3072 -3048 3072 -3048 3072 
-3048 3072 -3048 3072 -3048 3072 -3048 3072 -3048 3072 -3048 3072 -3048 3072 -3048 3072 
-3048 3072 -3048 3072 -3048 3072 -3048 3072 -3048 3072 -3048 3072 -3048 3072 -3048 3072 
-3048 3072 -3048 3072 -3048 3072 -3048 3072 -3048 3072 -3048 3072 -3048 3072 -3048 3072 
-3048 3072 -3048 3072 -3048 3072 -3048 3072 -3048 3072 -3048 3072 -3048 3072 -3048 3072 
-3048 3072 -3048 3072 -3048 3072 -3048 3072 -3048 3072 -3048 3072 -3048 3072 -3048 3072 
-3048 3072 -3048 3072 -3048 3072 -3048 3072 -3048 3072 -3048 3072 -3048 3072 -3048 3072 
-3048 3072 -3048 3072 -3048 3072 -3048 3072 -3048 3072 -3048 3072 -3048 3072 -3048 3072 
-3048 3072 -3048 3072 -3048 3072 -3048 3072 -3048 3072 -3048 3072 -3048 3072 -3048 3072 
-3048 3072 MODE 1 PASS
-3048 3072 -3048 3072 -3048 3072 -3048 3072 -3048 3072 -3048 3072 -3048 3072 
-3048 3072 -3048 3072 -3048 3072 -3048 3072 -3048 3072 -3048 3072 -3048 3072 -3048 3072 
-3048 3072 -3048 3072 -3048 3072 -3048 3072 -3048 3072 -3048 3072 -3048 3072 -3048 3072 
-3048 3072 -3048 3072 -3048 3072 -3048 3072 -3048 3072 -3048 3072 -3048 3072 -3048 3072 
-3048 3072 -3048 3072 -3048 3072 -3048 3072 -3048 3072 -3048 3072 -3048 3072 -3048 3072 
GEMMINI: mvout - 0x10 cols and 0x10 rows from 0x100010e0000000 to addr 0x30000040
-3048 3072 -3048 3072 -3048 3072 -3048 3072 -3048 3072 -3048 3072 -3048 3072 -3048 3072 
-3048 3072 -3048 3072 -3048 3072 -3048 3072 -3048 3072 -3048 3072 -3048 3072 -3048 3072 
-3048 3072 -3048 3072 -3048 3072 -3048 3072 -3048 3072 -3048 3072 -3048 3072 -3048 3072 
-3048 3072 -3048 3072 -3048 3072 -3048 3072 -3048 3072 -3048 3072 -3048 3072 -3048 3072 
-3048 3072 -3048 3072 -3048 3072 -3048 3072 -3048 3072 -3048 3072 -3048 3072 -3048 3072 
-3048 3072 -3048 3072 -3048 3072 -3048 3072 -3048 3072 -3048 3072 -3048 3072 -3048 3072 
-3048 3072 -3048 3072 -3048 3072 -3048 3072 -3048 3072 -3048 3072 -3048 3072 -3048 3072 
-3048 3072 -3048 3072 -3048 3072 -3048 3072 -3048 3072 -3048 3072 -3048 3072 -3048 3072 
-3048 3072 -3048 3072 -3048 3072 -3048 3072 -3048 3072 -3048 3072 -3048 3072 -3048 3072 
-3048 3072 -3048 3072 -3048 3072 -3048 3072 -3048 3072 -3048 3072 -3048 3072 -3048 3072 
-3048 3072 -3048 3072 -3048 3072 -3048 3072 -3048 3072 -3048 3072 -3048 3072 -3048 3072 
-3048 3072 -3048 3072 -3048 3072 -3048 3072 -3048 3072 -3048 3072 -3048 3072 -3048 3072 
-3048 3072 -3048 3072 -3048 3072 -3048 3072 -3048 3072 -3048 3072 -3048 3072 -3048 3072 
-3048 3072 -3048 3072 -3048 3072 -3048 3072 -3048 3072 -3048 3072 -3048 3072 -3048 3072 
-3048 3072 -3048 3072 -3048 3072 -3048 3072 -3048 3072 -3048 3072 -3048 3072 -3048 3072 
-3048 3072 -3048 3072 -3048 3072 -3048 3072 -3048 3072 -3048 3072 -3048 3072 -3048 3072 
GEMMINI: flush
GEMMINI: config_ex - set dataflow mode from 1 to 1
GEMMINI: config_ex - set activation function from 0 to 0
GEMMINI: config_ex - set sys_shift from 0 to 0
GEMMINI: config_mvout - set store stride from 128 to 128
GEMMINI: config_mvout - no pooling
GEMMINI: config_mvin - set load stride from 48 to 48
GEMMINI: config_mvin - set load scale from 218449007473968 to 218449007473968
GEMMINI: config_mvin - set load stride from 32 to 32
GEMMINI: config_mvin - set load scale from 218449007473972 to 218449007473970
GEMMINI: mvin - 0x10 cols and 0x10 rows from 0x20000000 to addr 0x00000010
-105 -103 81 79 -78 16 64 -27 77 -71 -87 -6 14 -1 56 22 
-6 110 -107 -25 -6 21 72 -117 -7 51 64 -30 -86 42 -28 90 
-76 103 -31 54 24 81 111 -77 -23 39 125 -57 -22 65 47 -57 
-3 92 45 -43 -61 28 46 118 87 109 88 66 -122 -98 -114 116 
13 38 114 92 -75 -50 -3 -20 121 -35 -54 -21 54 -104 123 122 
28 -100 -88 99 -92 -64 83 44 -120 80 -54 89 -78 -121 110 -15 
97 -106 -58 -127 74 72 -88 79 -68 -99 81 37 -78 -61 -34 -16 
22 -20 -60 79 93 -64 117 108 77 -100 86 -25 -19 -92 67 -112 
113 118 -101 101 -105 127 49 -99 115 37 -46 54 29 -125 22 -23 
-84 13 66 90 -82 -34 85 -8 102 16 -68 -85 -8 -73 -50 19 
-3 -120 -79 -57 91 51 88 -106 94 54 12 -34 56 -104 -28 37 
-98 -65 -31 68 86 -40 -78 -114 -109 110 -69 102 -109 126 -49 56 
-59 -118 -54 105 87 36 -36 -7 61 -112 -64 -36 -61 -62 8 99 
-85 -63 99 -51 22 111 78 -17 -108 116 20 -40 126 -70 6 -65 
-120 61 -92 9 75 17 126 -121 -49 -14 -82 -15 125 -64 65 100 
-108 -44 -122 -76 -82 98 -25 -38 40 -30 -121 -63 120 43 50 106 
GEMMINI: mvin - 0x10 cols and 0x10 rows from 0x10000000 to addr 0x00000000
113 71 29 -108 -20 -119 -109 -57 68 -68 -40 -49 -53 60 -59 -90 
73 32 -58 -82 119 109 -72 -66 89 37 81 84 122 52 40 -31 
-125 126 -70 17 -14 -80 -53 54 9 -77 -40 94 72 -59 -12 50 
-3 120 -100 -3 10 -5 -64 -128 -48 -96 -79 78 -125 -73 -66 11 
84 -23 -46 115 45 -73 77 -83 -21 -27 -31 71 55 -108 -36 -99 
-28 106 -126 53 -121 13 -25 -113 88 59 46 40 51 -91 98 -40 
-53 83 -113 -61 6 -25 -62 -75 -46 27 28 -108 3 -13 37 110 
-26 -66 -97 94 86 -20 -44 113 -41 -66 -15 -23 -13 70 -70 -49 
-47 -126 24 8 -28 -121 -46 -43 -91 29 -79 75 17 40 119 45 
-23 59 29 -127 -35 -32 49 -80 56 -15 34 -102 43 -30 112 120 
77 63 -108 74 47 -32 37 -107 77 -78 -55 118 -53 124 122 98 
-40 -86 34 -92 -122 49 -92 -45 96 -101 -23 65 65 -64 42 91 
39 82 45 -111 80 58 99 125 -80 -92 -118 28 -103 54 -43 -107 
-104 -46 -40 -47 -71 38 -41 98 58 -123 110 -24 -96 41 -111 1 
72 -125 9 -27 -82 -35 52 21 -71 -72 29 70 -30 -97 50 79 
19 124 101 15 -35 8 112 -26 -85 119 -39 -106 -83 100 77 -16 
GEMMINI: preload - scratchpad output addr = 0xa0000000, scratchpad preload addr = 0x00000010
GEMMINI: compute - preload = 1, scratchpad A addr = 0x00000000,scratchpad B addr 0xffffffff
GEMMINI: compute - PEs after preloading:
-105 -103 81 79 -78 16 64 -27 77 -71 -87 -6 14 -1 56 22 
-6 110 -107 -25 -6 21 72 -117 -7 51 64 -30 -86 42 -28 90 
-76 103 -31 54 24 81 111 -77 -23 39 125 -57 -22 65 47 -57 
-3 92 45 -43 -61 28 46 118 87 109 88 66 -122 -98 -114 116 
13 38 114 92 -75 -50 -3 -20 121 -35 -54 -21 54 -104 123 122 
28 -100 -88 99 -92 -64 83 44 -120 80 -54 89 -78 -121 110 -15 
97 -106 -58 -127 74 72 -88 79 -68 -99 81 37 -78 -61 -34 -16 
22 -20 -60 79 93 -64 117 108 77 -100 86 -25 -19 -92 67 -112 
113 118 -101 101 -105 127 49 -99 115 37 -46 54 29 -125 22 -23 
-84 13 66 90 -82 -34 85 -8 102 16 -68 -85 -8 -73 -50 19 
-3 -120 -79 -57 91 51 88 -106 94 54 12 -34 56 -104 -28 37 
-98 -65 -31 68 86 -40 -78 -114 -109 110 -69 102 -109 126 -49 56 
-59 -118 -54 105 87 36 -36 -7 61 -112 -64 -36 -61 -62 8 99 
-85 -63 99 -51 22 111 78 -17 -108 116 20 -40 126 -70 6 -65 
-120 61 -92 9 75 17 126 -121 -49 -14 -82 -15 125 -64 65 100 
-108 -44 -122 -76 -82 98 -25 -38 40 -30 -121 -63 120 43 50 106 
GEMMINI: compute - PEs after matmul:
-105 -103 81 79 -78 16 64 -27 77 -71 -87 -6 14 -1 56 22 
-6 110 -107 -25 -6 21 72 -117 -7 51 64 -30 -86 42 -28 90 
-76 103 -31 54 24 81 111 -77 -23 39 125 -57 -22 65 47 -57 
-3 92 45 -43 -61 28 46 118 87 109 88 66 -122 -98 -114 116 
13 38 114 92 -75 -50 -3 -20 121 -35 -54 -21 54 -104 123 122 
28 -100 -88 99 -92 -64 83 44 -120 80 -54 89 -78 -121 110 -15 
97 -106 -58 -127 74 72 -88 79 -68 -99 81 37 -78 -61 -34 -16 
22 -20 -60 79 93 -64 117 108 77 -100 86 -25 -19 -92 67 -112 
113 118 -101 101 -105 127 49 -99 115 37 -46 54 29 -125 22 -23 
-84 13 66 90 -82 -34 85 -8 102 16 -68 -85 -8 -73 -50 19 
-3 -120 -79 -57 91 51 88 -106 94 54 12 -34 56 -104 -28 37 
-98 -65 -31 68 86 -40 -78 -114 -109 110 -69 102 -109 126 -49 56 
-59 -118 -54 105 87 36 -36 -7 61 -112 -64 -36 -61 -62 8 99 
-85 -63 99 -51 22 111 78 -17 -108 116 20 -40 126 -70 6 -65 
-120 61 -92 9 75 17 126 -121 -49 -14 -82 -15 125 -64 65 100 
-108 -44 -122 -76 -82 98 -25 -38 40 -30 -121 -63 120 43 50 106 
GEMMINI: compute - writing results to addr 0xa0000000, :
3555 31016 32264 6461 -12629 12837 2959 -32390 5067 2928 7326 -12491 24036 37152 2370 -29499 
-21636 -33008 -4181 57318 -13179 -418 17631 -53994 11823 13769 -60320 5040 12399 -36327 30529 35476 
6463 24135 -35864 -6435 25566 -7300 -28444 -12266 777 -598 4114 6722 -23463 31686 -18354 26021 
13715 25494 9442 -24580 -25535 -24936 -45912 -11227 -30033 27620 -8258 26024 -21495 62691 -16650 20402 
12630 -4082 30249 886 2318 -12859 -42832 17598 17271 -13421 2983 26454 -49380 10745 -29819 31559 
3817 15938 -39794 -1328 -2576 3103 -618 -34645 4048 21951 -26325 18373 -23484 -5807 -36704 39916 
-6806 4603 -12145 -27920 -15462 732 -6458 -15770 10839 -8932 -28744 -26347 38377 5600 1419 29229 
20711 -5644 41262 -1868 2556 -21945 -6496 51145 16135 -498 18457 9195 -544 -25615 -177 -11424 
-48692 5958 23620 -11303 24371 -733 -18409 -6242 -22066 -326 -19049 -11461 29813 37235 -11513 10811 
-7025 5769 -50412 -21831 2951 37428 3571 -44281 612 -27272 -22233 -26816 44527 3848 17522 16905 
-28310 6461 -1658 -22825 -18599 33529 -10091 -38227 -22634 31715 -39700 22535 25971 2537 -2628 50311 
-7952 -5716 -50788 16426 5347 13673 -17236 -31439 -25165 1372 -35454 14492 14293 31795 14788 -7234 
21844 -3787 17149 5084 17322 -28802 -355 22107 -49666 -15504 39762 10737 -20627 17604 32013 -45952 
46996 -11369 -21906 -23386 14289 2132 -1547 15847 -11397 18649 28474 12905 12361 -6057 184 -53260 
-17392 -36390 -17094 -19795 26714 -3905 -24081 4636 -14835 -26732 -13178 8702 6550 34350 910 -4007 
-20610 21966 8241 -30262 -4390 17738 41592 -83 -25261 9217 34120 -27710 6115 -6316 -5739 -7585 
GEMMINI: mvin - 0x10 cols and 0x10 rows from 0x20000200 to addr 0x00000010
8 96 0 103 -9 -69 -2 0 -43 29 -106 -34 39 83 80 -24 
25 -72 11 -70 -34 115 61 17 16 122 -44 -32 66 -112 20 -9 
2 -75 -98 69 27 -30 28 36 15 -47 55 96 -127 59 -11 -81 
-6 45 -79 -97 101 96 18 82 12 -6 -70 -10 -100 -85 108 39 
57 -6 61 97 118 69 -104 -78 61 -50 83 58 75 55 -16 120 
-9 -14 58 34 4 -22 36 94 -37 35 -6 -61 70 57 -7 -70 
107 -17 -97 124 -55 -91 49 108 30 -45 -88 42 68 9 0 4 
-49 -55 100 5 123 -48 53 -12 62 -75 84 7 -1 -3 125 111 
90 86 -126 85 -44 -62 -88 16 115 -95 -10 -15 46 111 -26 19 
67 112 -16 6 -118 -44 2 -42 -11 112 -121 -127 -120 -74 -74 7 
-60 -19 -90 -82 86 92 -68 94 -4 -8 -1 79 -57 42 98 100 
19 -89 -99 -26 -16 -76 78 -62 -64 19 85 -14 -95 35 101 66 
105 117 -51 69 16 51 47 24 121 -104 -127 3 -49 -7 52 -71 
-2 48 45 100 110 49 -41 121 95 95 124 26 10 5 73 -32 
11 -82 -75 -37 -62 6 -65 -4 -87 64 61 -49 8 -98 28 -48 
-58 -55 94 66 -60 10 94 -70 -111 20 -67 -71 -126 28 35 -96 
GEMMINI: mvin - 0x10 cols and 0x10 rows from 0x10000010 to addr 0x00000000
104 25 -88 -26 -54 -92 -30 59 105 -67 65 -119 65 -38 30 -36 
65 77 24 10 53 113 -34 20 -14 65 119 11 -22 5 55 -75 
92 -8 72 34 95 -64 -81 -55 -43 62 17 30 98 74 -128 96 
-43 116 31 -82 54 123 -118 -21 -50 45 -107 99 54 -75 -49 -114 
-118 -39 65 -17 102 73 100 -53 90 71 71 59 -77 13 -73 -81 
23 1 18 -26 93 -107 -15 122 -74 -124 45 -57 -26 -36 -113 -11 
-38 -124 -71 85 71 -121 -89 -54 -33 -97 11 -25 -101 106 107 80 
-16 -68 26 -68 17 8 -69 74 -110 16 103 62 97 -63 33 114 
53 -63 -39 92 105 -63 33 76 76 15 -123 43 -125 -86 68 -53 
71 108 93 55 -69 27 -113 -30 74 -106 106 -48 15 -83 43 -115 
-125 87 -55 13 52 64 122 -37 -118 95 -35 13 -46 20 -22 -88 
5 -38 4 95 -62 24 23 -54 -57 -31 96 -123 89 -24 87 -50 
-86 15 -79 110 17 76 90 -2 -128 86 58 -105 -16 -14 5 111 
17 -50 55 60 -114 69 -7 -118 -15 -73 112 101 -90 -70 75 -67 
-107 -79 -70 -119 103 44 105 62 23 -67 -58 -48 70 -118 61 -87 
83 16 30 -42 -120 -22 -33 -86 -81 -31 -63 120 94 106 -80 -29 
GEMMINI: preload - scratchpad output addr = 0xe0000000, scratchpad preload addr = 0x00000010
GEMMINI: compute - preload = 1, scratchpad A addr = 0x00000000,scratchpad B addr 0xffffffff
GEMMINI: compute - PEs after preloading:
8 96 0 103 -9 -69 -2 0 -43 29 -106 -34 39 83 80 -24 
25 -72 11 -70 -34 115 61 17 16 122 -44 -32 66 -112 20 -9 
2 -75 -98 69 27 -30 28 36 15 -47 55 96 -127 59 -11 -81 
-6 45 -79 -97 101 96 18 82 12 -6 -70 -10 -100 -85 108 39 
57 -6 61 97 118 69 -104 -78 61 -50 83 58 75 55 -16 120 
-9 -14 58 34 4 -22 36 94 -37 35 -6 -61 70 57 -7 -70 
107 -17 -97 124 -55 -91 49 108 30 -45 -88 42 68 9 0 4 
-49 -55 100 5 123 -48 53 -12 62 -75 84 7 -1 -3 125 111 
90 86 -126 85 -44 -62 -88 16 115 -95 -10 -15 46 111 -26 19 
67 112 -16 6 -118 -44 2 -42 -11 112 -121 -127 -120 -74 -74 7 
-60 -19 -90 -82 86 92 -68 94 -4 -8 -1 79 -57 42 98 100 
19 -89 -99 -26 -16 -76 78 -62 -64 19 85 -14 -95 35 101 66 
105 117 -51 69 16 51 47 24 121 -104 -127 3 -49 -7 52 -71 
-2 48 45 100 110 49 -41 121 95 95 124 26 10 5 73 -32 
11 -82 -75 -37 -62 6 -65 -4 -87 64 61 -49 8 -98 28 -48 
-58 -55 94 66 -60 10 94 -70 -111 20 -67 -71 -126 28 35 -96 
GEMMINI: compute - PEs after matmul:
8 96 0 103 -9 -69 -2 0 -43 29 -106 -34 39 83 80 -24 
25 -72 11 -70 -34 115 61 17 16 122 -44 -32 66 -112 20 -9 
2 -75 -98 69 27 -30 28 36 15 -47 55 96 -127 59 -11 -81 
-6 45 -79 -97 101 96 18 82 12 -6 -70 -10 -100 -85 108 39 
57 -6 61 97 118 69 -104 -78 61 -50 83 58 75 55 -16 120 
-9 -14 58 34 4 -22 36 94 -37 35 -6 -61 70 57 -7 -70 
107 -17 -97 124 -55 -91 49 108 30 -45 -88 42 68 9 0 4 
-49 -55 100 5 123 -48 53 -12 62 -75 84 7 -1 -3 125 111 
90 86 -126 85 -44 -62 -88 16 115 -95 -10 -15 46 111 -26 19 
67 112 -16 6 -118 -44 2 -42 -11 112 -121 -127 -120 -74 -74 7 
-60 -19 -90 -82 86 92 -68 94 -4 -8 -1 79 -57 42 98 100 
19 -89 -99 -26 -16 -76 78 -62 -64 19 85 -14 -95 35 101 66 
105 117 -51 69 16 51 47 24 121 -104 -127 3 -49 -7 52 -71 
-2 48 45 100 110 49 -41 121 95 95 124 26 10 5 73 -32 
11 -82 -75 -37 -62 6 -65 -4 -87 64 61 -49 8 -98 28 -48 
-58 -55 94 66 -60 10 94 -70 -111 20 -67 -71 -126 28 35 -96 
GEMMINI: compute - writing results to addr 0xe0000000, :
4760 59690 26511 3568 -9310 19611 -18492 -28305 28040 -19739 -16000 -9354 52610 41926 14998 -20928 
-23018 -35967 -12294 45329 604 14320 3264 -35768 7860 37845 -56700 1359 20267 -38292 45409 50980 
9958 54888 -24372 21768 46474 12548 -21548 -26992 12257 315 -14978 11417 -66174 49908 -4721 19729 
25908 15082 26171 -39618 -37170 -23268 -29871 -38494 -28773 42420 3073 11999 -7026 54859 -41863 16809 
34899 -7513 -2085 16169 7461 -25102 -64375 35384 38496 -24718 24566 47267 -44005 36702 -53969 59993 
-19115 -894 -6323 -2313 47380 17513 -3037 -48478 20587 -11289 -2532 58207 -8142 9402 -21115 76957 
-37487 -6805 3891 -43518 14765 28347 -41883 -28836 -8278 -1335 17869 -15807 28740 -2618 13692 40070 
-537 -26199 57587 -9247 10335 -18167 11210 26434 -8411 -12172 21561 9038 -43313 -19399 21866 -10753 
-37203 3470 16051 -8255 25070 -30320 -36028 -36243 -27409 -15451 -3794 -19604 46217 36784 -13433 47969 
-17528 1236 -88316 -59169 15677 63089 -12541 -21740 6162 -34663 -25680 -9570 54085 6150 30804 13552 
-11984 -6118 6847 -37779 -26601 44461 -783 -24492 -21657 64029 -40424 17034 46534 -35244 -25491 63542 
-10121 9716 -74753 -4437 13950 40114 -28521 5497 -24372 -5052 -64444 23528 10326 11979 23041 -23398 
11458 -7026 43053 -13315 17063 300 15005 40534 -69992 7002 4095 -6875 -34082 -18293 31342 -48748 
27905 -38173 -74163 -64260 3596 -5234 -5365 38787 -52878 27819 37795 22588 -2496 83 9944 -58437 
7475 -45351 -10339 -1168 22887 -24205 -39458 -8333 5969 -74917 256 22056 59640 43135 -28001 12113 
-18040 35281 2542 -20492 -12376 8942 71255 6661 -26235 27184 28153 -27838 -10247 -2015 7396 -39905 
GEMMINI: mvin - 0x10 cols and 0x10 rows from 0x20000400 to addr 0x00000010
104 88 31 48 44 -106 45 -53 77 -79 -13 113 48 -41 -39 106 
41 51 -15 62 -78 1 -93 71 23 -15 -41 -114 -54 39 -77 68 
65 50 -53 3 14 -93 57 69 37 -85 98 -86 8 101 44 70 
-25 46 -91 24 -9 -44 102 -34 -79 -72 -117 90 -94 -25 -71 -119 
85 -3 120 21 39 -20 -94 41 -15 -18 75 57 80 7 -44 37 
-62 121 60 -110 84 68 102 64 30 39 -102 -35 -54 28 -11 50 
102 121 -25 38 56 50 41 57 112 57 110 -33 -57 126 -109 -56 
120 -43 116 106 -119 16 100 44 31 -2 -63 -41 1 -122 38 -2 
50 102 -40 -10 1 53 -114 51 99 78 -117 92 46 -117 39 -20 
-54 2 14 97 86 -6 32 100 116 -1 -61 7 8 -28 13 -84 
122 -125 11 68 65 -75 -111 -41 -118 -21 97 112 69 -21 81 84 
120 -64 -55 55 122 -64 90 -90 -35 -24 94 47 -97 -8 106 -3 
-3 -111 64 -46 -71 114 -14 -25 -91 -48 -78 -37 -52 97 -47 -66 
66 -50 103 -84 -74 35 -47 -77 26 122 83 13 -123 -128 -3 -79 
125 80 54 94 41 43 112 33 115 -65 60 92 -125 -85 102 -21 
-25 -19 -90 127 -54 -30 70 74 -22 117 98 97 124 60 -123 -121 
GEMMINI: mvin - 0x10 cols and 0x10 rows from 0x10000020 to addr 0x00000000
78 -40 54 19 -58 -126 73 76 25 -30 116 14 -87 74 79 57 
-35 120 -87 58 22 89 42 -112 107 -78 68 -88 -14 -26 -53 90 
77 67 20 -64 -75 -106 -121 -53 -107 15 -113 -98 121 -30 -1 -56 
-6 -47 -100 100 -49 96 -44 -50 -107 -80 27 -48 11 -123 -2 115 
2 123 38 -87 82 -94 71 43 38 16 108 -32 53 -39 -97 12 
66 91 87 -49 -22 4 -43 49 -57 102 -57 47 67 -89 118 6 
86 73 -108 -40 4 -16 51 -14 -77 -84 50 -34 68 119 -40 -113 
-100 -33 2 -125 -50 -115 -43 64 -23 -100 114 -51 3 -109 -37 -102 
48 117 -122 83 52 -58 -15 -86 37 -83 11 -97 14 4 82 -40 
-15 37 -59 -119 -28 67 124 -126 -28 25 66 -77 -78 -110 -44 -70 
121 -57 36 36 73 108 42 -38 100 -39 29 43 -4 -57 -75 111 
40 -12 -56 -25 -109 109 113 -127 -96 -90 97 -25 -71 -20 11 -21 
24 6 -106 83 -84 44 -122 10 86 -8 -111 -118 117 9 -86 -35 
41 21 50 -89 67 83 94 -59 4 10 -11 115 127 -24 38 -74 
-10 -5 3 -26 -60 76 -82 -62 -27 -44 -112 -60 -30 18 -41 -88 
-35 80 45 -48 93 63 -22 -44 -8 14 39 94 108 -48 -49 -92 
GEMMINI: preload - scratchpad output addr = 0xe0000000, scratchpad preload addr = 0x00000010
GEMMINI: compute - preload = 1, scratchpad A addr = 0x00000000,scratchpad B addr 0xffffffff
GEMMINI: compute - PEs after preloading:
104 88 31 48 44 -106 45 -53 77 -79 -13 113 48 -41 -39 106 
41 51 -15 62 -78 1 -93 71 23 -15 -41 -114 -54 39 -77 68 
65 50 -53 3 14 -93 57 69 37 -85 98 -86 8 101 44 70 
-25 46 -91 24 -9 -44 102 -34 -79 -72 -117 90 -94 -25 -71 -119 
85 -3 120 21 39 -20 -94 41 -15 -18 75 57 80 7 -44 37 
-62 121 60 -110 84 68 102 64 30 39 -102 -35 -54 28 -11 50 
102 121 -25 38 56 50 41 57 112 57 110 -33 -57 126 -109 -56 
120 -43 116 106 -119 16 100 44 31 -2 -63 -41 1 -122 38 -2 
50 102 -40 -10 1 53 -114 51 99 78 -117 92 46 -117 39 -20 
-54 2 14 97 86 -6 32 100 116 -1 -61 7 8 -28 13 -84 
122 -125 11 68 65 -75 -111 -41 -118 -21 97 112 69 -21 81 84 
120 -64 -55 55 122 -64 90 -90 -35 -24 94 47 -97 -8 106 -3 
-3 -111 64 -46 -71 114 -14 -25 -91 -48 -78 -37 -52 97 -47 -66 
66 -50 103 -84 -74 35 -47 -77 26 122 83 13 -123 -128 -3 -79 
125 80 54 94 41 43 112 33 115 -65 60 92 -125 -85 102 -21 
-25 -19 -90 127 -54 -30 70 74 -22 117 98 97 124 60 -123 -121 
GEMMINI: compute - PEs after matmul:
104 88 31 48 44 -106 45 -53 77 -79 -13 113 48 -41 -39 106 
41 51 -15 62 -78 1 -93 71 23 -15 -41 -114 -54 39 -77 68 
65 50 -53 3 14 -93 57 69 37 -85 98 -86 8 101 44 70 
-25 46 -91 24 -9 -44 102 -34 -79 -72 -117 90 -94 -25 -71 -119 
85 -3 120 21 39 -20 -94 41 -15 -18 75 57 80 7 -44 37 
-62 121 60 -110 84 68 102 64 30 39 -102 -35 -54 28 -11 50 
102 121 -25 38 56 50 41 57 112 57 110 -33 -57 126 -109 -56 
120 -43 116 106 -119 16 100 44 31 -2 -63 -41 1 -122 38 -2 
50 102 -40 -10 1 53 -114 51 99 78 -117 92 46 -117 39 -20 
-54 2 14 97 86 -6 32 100 116 -1 -61 7 8 -28 13 -84 
122 -125 11 68 65 -75 -111 -41 -118 -21 97 112 69 -21 81 84 
120 -64 -55 55 122 -64 90 -90 -35 -24 94 47 -97 -8 106 -3 
-3 -111 64 -46 -71 114 -14 -25 -91 -48 -78 -37 -52 97 -47 -66 
66 -50 103 -84 -74 35 -47 -77 26 122 83 13 -123 -128 -3 -79 
125 80 54 94 41 43 112 33 115 -65 60 92 -125 -85 102 -21 
-25 -19 -90 127 -54 -30 70 74 -22 117 98 97 124 60 -123 -121 
GEMMINI: compute - writing results to addr 0xe0000000, :
66012 56869 17685 46871 -12420 -10829 -7901 -39575 43734 -17174 34166 29383 55410 12300 31311 -23485 
-44898 -9214 -36228 33040 -5054 28795 -39362 -19252 -7180 68305 -77092 14583 39644 -19996 2406 49163 
-27666 36740 -18432 7210 11688 16170 -31640 -37244 5510 -33031 -40107 -26791 -65866 68269 -14148 33133 
-21020 11553 1744 -42532 -35488 -24002 2098 -44990 -73117 37487 -15990 30957 8402 82030 -68125 6018 
65209 -27509 4157 41235 -7541 -32679 -120138 54231 31731 -23013 44270 30203 -6351 61264 -71046 83086 
-3411 9737 14 33661 53171 11070 34244 -23871 48302 -49253 -8346 40512 -20903 21674 -8032 90806 
-18535 -24576 40390 -70933 -2334 40702 -77810 -64734 -23360 -448 23164 -28324 5434 -6924 -669 61392 
-101 -73489 61576 -14274 -7563 -18141 -29275 13026 -43115 -26946 31811 -17223 -13657 -15282 58443 26219 
-33747 20095 20006 -10645 8163 -20403 -74081 -46985 -33687 -25613 -24375 2153 36262 22340 -35271 51957 
-42151 27832 -98403 -74470 51522 70549 -44038 -4595 21241 -26766 -17848 -31996 74370 45760 21119 47598 
-1160 23574 -10708 -35739 1452 25623 7871 -16696 -21228 72339 -39378 55372 82376 -17847 -47859 73047 
-19518 30987 -91285 -26712 45958 37466 -21307 -10628 -30888 397 -39636 25001 -223 42254 15565 703 
-48479 -5175 47180 -54638 -25004 34188 3831 32121 -83978 13160 -89802 -16614 -37138 -38928 8035 -69599 
58315 -25343 -56030 -76526 39625 8876 -1718 41158 -37527 11551 54125 8666 -26663 34615 17564 -37608 
-40026 -29592 -7977 -51957 15401 -11849 -40570 -16351 7281 -75206 -31350 -11054 47663 43457 -25921 27388 
-10235 19458 16003 -36672 7871 13115 46598 7092 -46713 5665 24592 -53381 -17805 27534 18309 -10599 
GEMMINI: mvout - 0x10 cols and 0x10 rows from 0x100010e0000000 to addr 0x30000000
66012 56869 17685 46871 -12420 -10829 -7901 -39575 43734 -17174 34166 29383 55410 12300 31311 -23485 
-44898 -9214 -36228 33040 -5054 28795 -39362 -19252 -7180 68305 -77092 14583 39644 -19996 2406 49163 
-27666 36740 -18432 7210 11688 16170 -31640 -37244 5510 -33031 -40107 -26791 -65866 68269 -14148 33133 
-21020 11553 1744 -42532 -35488 -24002 2098 -44990 -73117 37487 -15990 30957 8402 82030 -68125 6018 
65209 -27509 4157 41235 -7541 -32679 -120138 54231 31731 -23013 44270 30203 -6351 61264 -71046 83086 
-3411 9737 14 33661 53171 11070 34244 -23871 48302 -49253 -8346 40512 -20903 21674 -8032 90806 
-18535 -24576 40390 -70933 -2334 40702 -77810 -64734 -23360 -448 23164 -28324 5434 -6924 -669 61392 
-101 -73489 61576 -14274 -7563 -18141 -29275 13026 -43115 -26946 31811 -17223 -13657 -15282 58443 26219 
-33747 20095 20006 -10645 8163 -20403 -74081 -46985 -33687 -25613 -24375 2153 36262 22340 -35271 51957 
-42151 27832 -98403 -74470 51522 70549 -44038 -4595 21241 -26766 -17848 -31996 74370 45760 21119 47598 
-1160 23574 -10708 -35739 1452 25623 7871 -16696 -21228 72339 -39378 55372 82376 -17847 -47859 73047 
-19518 30987 -91285 -26712 45958 37466 -21307 -10628 -30888 397 -39636 25001 -223 42254 15565 703 
-48479 -5175 47180 -54638 -25004 34188 3831 32121 -83978 13160 -89802 -16614 -37138 -38928 8035 -69599 
58315 -25343 -56030 -76526 39625 8876 -1718 41158 -37527 11551 54125 8666 -26663 34615 17564 -37608 
-40026 -29592 -7977 -51957 15401 -11849 -40570 -16351 7281 -75206 -31350 -11054 47663 43457 -25921 27388 
-10235 19458 16003 -36672 7871 13115 46598 7092 -46713 5665 24592 -53381 -17805 27534 18309 -10599 
GEMMINI: mvin - 0x10 cols and 0x10 rows from 0x20000010 to addr 0x00000010
41 4 9 101 -97 41 79 33 54 92 -89 -64 59 36 58 -35 
49 112 -14 102 90 30 24 -27 -99 56 82 83 -46 -70 6 -78 
43 109 -32 106 72 119 -68 56 101 122 31 -80 -23 -23 -84 60 
81 -47 -55 10 32 -117 -76 49 -58 -6 7 111 56 10 -92 -109 
-39 118 -88 -34 -103 -78 119 -23 -9 -111 1 39 119 115 100 -50 
-4 51 114 126 109 68 126 119 50 22 5 114 94 126 103 6 
-14 -32 33 -127 82 -103 64 -11 -82 97 12 -27 -92 -126 34 83 
-13 85 -83 -128 2 9 53 121 -94 74 14 27 3 -41 15 -52 
55 107 13 18 51 -19 -42 27 72 -87 1 -86 50 -43 -90 -118 
-10 -8 57 -48 -98 -100 -101 -11 -42 86 -32 43 -24 -44 94 -91 
104 -42 42 82 -5 110 -5 29 -122 42 -96 54 -33 45 -81 53 
-59 -36 -41 48 3 -69 110 -84 -114 -4 59 98 -51 55 18 81 
69 -30 57 1 108 -36 108 -71 39 -92 -87 72 107 74 -2 18 
31 -63 71 94 -17 39 111 93 -119 -6 -31 -128 113 -66 -20 -113 
-115 79 -7 -33 68 -10 -20 -80 -20 -42 -37 -95 -104 -21 83 -31 
-58 102 72 27 34 -96 93 -55 -119 17 -112 68 -106 42 -84 32 
GEMMINI: mvin - 0x10 cols and 0x10 rows from 0x10000000 to addr 0x00000000
113 71 29 -108 -20 -119 -109 -57 68 -68 -40 -49 -53 60 -59 -90 
73 32 -58 -82 119 109 -72 -66 89 37 81 84 122 52 40 -31 
-125 126 -70 17 -14 -80 -53 54 9 -77 -40 94 72 -59 -12 50 
-3 120 -100 -3 10 -5 -64 -128 -48 -96 -79 78 -125 -73 -66 11 
84 -23 -46 115 45 -73 77 -83 -21 -27 -31 71 55 -108 -36 -99 
-28 106 -126 53 -121 13 -25 -113 88 59 46 40 51 -91 98 -40 
-53 83 -113 -61 6 -25 -62 -75 -46 27 28 -108 3 -13 37 110 
-26 -66 -97 94 86 -20 -44 113 -41 -66 -15 -23 -13 70 -70 -49 
-47 -126 24 8 -28 -121 -46 -43 -91 29 -79 75 17 40 119 45 
-23 59 29 -127 -35 -32 49 -80 56 -15 34 -102 43 -30 112 120 
77 63 -108 74 47 -32 37 -107 77 -78 -55 118 -53 124 122 98 
-40 -86 34 -92 -122 49 -92 -45 96 -101 -23 65 65 -64 42 91 
39 82 45 -111 80 58 99 125 -80 -92 -118 28 -103 54 -43 -107 
-104 -46 -40 -47 -71 38 -41 98 58 -123 110 -24 -96 41 -111 1 
72 -125 9 -27 -82 -35 52 21 -71 -72 29 70 -30 -97 50 79 
19 124 101 15 -35 8 112 -26 -85 119 -39 -106 -83 100 77 -16 
GEMMINI: preload - scratchpad output addr = 0xa0000000, scratchpad preload addr = 0x00000010
GEMMINI: compute - preload = 1, scratchpad A addr = 0x00000000,scratchpad B addr 0xffffffff
GEMMINI: compute - PEs after preloading:
41 4 9 101 -97 41 79 33 54 92 -89 -64 59 36 58 -35 
49 112 -14 102 90 30 24 -27 -99 56 82 83 -46 -70 6 -78 
43 109 -32 106 72 119 -68 56 101 122 31 -80 -23 -23 -84 60 
81 -47 -55 10 32 -117 -76 49 -58 -6 7 111 56 10 -92 -109 
-39 118 -88 -34 -103 -78 119 -23 -9 -111 1 39 119 115 100 -50 
-4 51 114 126 109 68 126 119 50 22 5 114 94 126 103 6 
-14 -32 33 -127 82 -103 64 -11 -82 97 12 -27 -92 -126 34 83 
-13 85 -83 -128 2 9 53 121 -94 74 14 27 3 -41 15 -52 
55 107 13 18 51 -19 -42 27 72 -87 1 -86 50 -43 -90 -118 
-10 -8 57 -48 -98 -100 -101 -11 -42 86 -32 43 -24 -44 94 -91 
104 -42 42 82 -5 110 -5 29 -122 42 -96 54 -33 45 -81 53 
-59 -36 -41 48 3 -69 110 -84 -114 -4 59 98 -51 55 18 81 
69 -30 57 1 108 -36 108 -71 39 -92 -87 72 107 74 -2 18 
31 -63 71 94 -17 39 111 93 -119 -6 -31 -128 113 -66 -20 -113 
-115 79 -7 -33 68 -10 -20 -80 -20 -42 -37 -95 -104 -21 83 -31 
-58 102 72 27 34 -96 93 -55 -119 17 -112 68 -106 42 -84 32 
GEMMINI: compute - PEs after matmul:
41 4 9 101 -97 41 79 33 54 92 -89 -64 59 36 58 -35 
49 112 -14 102 90 30 24 -27 -99 56 82 83 -46 -70 6 -78 
43 109 -32 106 72 119 -68 56 101 122 31 -80 -23 -23 -84 60 
81 -47 -55 10 32 -117 -76 49 -58 -6 7 111 56 10 -92 -109 
-39 118 -88 -34 -103 -78 119 -23 -9 -111 1 39 119 115 100 -50 
-4 51 114 126 109 68 126 119 50 22 5 114 94 126 103 6 
-14 -32 33 -127 82 -103 64 -11 -82 97 12 -27 -92 -126 34 83 
-13 85 -83 -128 2 9 53 121 -94 74 14 27 3 -41 15 -52 
55 107 13 18 51 -19 -42 27 72 -87 1 -86 50 -43 -90 -118 
-10 -8 57 -48 -98 -100 -101 -11 -42 86 -32 43 -24 -44 94 -91 
104 -42 42 82 -5 110 -5 29 -122 42 -96 54 -33 45 -81 53 
-59 -36 -41 48 3 -69 110 -84 -114 -4 59 98 -51 55 18 81 
69 -30 57 1 108 -36 108 -71 39 -92 -87 72 107 74 -2 18 
31 -63 71 94 -17 39 111 93 -119 -6 -31 -128 113 -66 -20 -113 
-115 79 -7 -33 68 -10 -20 -80 -20 -42 -37 -95 -104 -21 83 -31 
-58 102 72 27 34 -96 93 -55 -119 17 -112 68 -106 42 -84 32 
GEMMINI: compute - writing results to addr 0xa0000000, :
17493 2088 -13128 31434 -29533 44999 -17936 3298 37693 -4415 11394 -56334 18613 -18722 -12923 -18488 
7435 13566 22989 44302 -2695 9532 53125 -10713 3014 -35993 -21518 13514 45071 46363 31590 -16117 
-6500 11321 -21910 -15446 25603 -22997 8397 -33050 -29719 -28814 21380 39411 -18948 -821 -20086 2881 
-15030 -4839 -14946 21347 -12068 -6055 778 -27017 117 -15451 33969 26651 -14734 12033 4018 10814 
10223 -31664 -24061 -17269 -12389 -34865 -5803 -26917 15738 -11800 8450 18674 9591 8917 6891 11763 
7829 -13448 17744 10176 27439 -15080 -31236 -35336 -4091 -19152 1093 25603 -23230 -5562 -754 -13888 
-10544 7122 19587 163 -4709 -5289 -4698 -26900 -15840 -18378 -17837 11473 -18939 3731 3871 -6843 
5383 -19295 -24846 -25370 -26451 -12188 15843 26741 -16241 -24142 4786 10739 41933 11693 -446 -23312 
-35460 -22108 -8853 -22766 -15045 -25078 -15159 -35714 -4602 -14942 -8308 -23271 -24955 -3035 222 14657 
-10264 31560 26373 3061 30240 9780 -4015 -30345 6298 -3264 -22973 -27709 -39688 -15824 -9372 14400 
-20432 6086 2907 23369 3280 -38818 40186 -28250 -41125 -28773 -5592 -14544 -6083 -3732 2 -27019 
-12953 9848 19116 20568 35079 19778 3812 -18754 35478 -25507 -10739 -7814 -15544 23289 -26293 33195 
-19488 20818 -25496 -9875 -3259 23357 42315 29990 -259 28704 43885 -19400 9086 -18631 41560 8882 
14502 -9453 2301 2223 5664 39345 -826 39310 -13551 -2393 8008 -2099 2702 -3192 -37783 10577 
-22344 -14542 -3144 -16457 -1518 -1597 4550 -16778 -2146 19322 -17409 -4411 -43584 7438 -6521 51363 
-1705 10800 13288 7541 8586 6660 -21704 15131 -16993 53870 9359 -28764 -24167 -50429 18712 -20611 
GEMMINI: mvin - 0x10 cols and 0x10 rows from 0x20000210 to addr 0x00000010
1 -35 44 -85 67 125 57 -62 -106 -126 -9 1 36 -47 110 100 
120 -116 -100 39 94 -26 -7 -79 75 1 9 111 -6 58 17 -60 
97 76 -112 38 43 49 21 -82 -30 102 -67 39 -48 -67 14 89 
-11 -13 1 65 97 -72 3 -46 -110 -119 12 -63 94 -80 -35 59 
109 91 -26 16 -70 -46 62 53 -109 67 -19 -44 91 108 -12 -127 
-1 91 56 43 -20 -41 59 -17 29 106 88 -7 -127 74 -50 68 
-28 -53 -18 41 -79 31 116 23 103 -40 70 -56 -121 -95 -32 -100 
84 -125 0 -93 -65 3 97 -58 -85 100 -81 -39 36 -55 -92 -96 
-121 92 103 48 -48 -38 121 20 31 -25 -118 -61 18 26 -110 105 
-75 44 26 105 -102 -5 52 24 -3 55 -49 31 7 -19 33 15 
22 -51 18 -26 -42 -63 11 -21 123 46 118 -124 -67 -104 -55 -86 
-30 22 70 63 60 -127 117 -91 -46 -93 121 -116 -22 117 3 81 
80 -32 -81 11 -124 -108 -21 93 59 110 -51 -51 72 -37 70 29 
-102 1 68 -29 102 83 -28 45 -20 103 108 -33 -115 34 11 37 
-9 83 -2 95 -102 21 -40 42 30 102 77 92 114 -94 -55 -126 
-98 -84 -44 22 -40 50 64 111 9 68 105 -38 -81 -76 -7 76 
GEMMINI: mvin - 0x10 cols and 0x10 rows from 0x10000010 to addr 0x00000000
104 25 -88 -26 -54 -92 -30 59 105 -67 65 -119 65 -38 30 -36 
65 77 24 10 53 113 -34 20 -14 65 119 11 -22 5 55 -75 
92 -8 72 34 95 -64 -81 -55 -43 62 17 30 98 74 -128 96 
-43 116 31 -82 54 123 -118 -21 -50 45 -107 99 54 -75 -49 -114 
-118 -39 65 -17 102 73 100 -53 90 71 71 59 -77 13 -73 -81 
23 1 18 -26 93 -107 -15 122 -74 -124 45 -57 -26 -36 -113 -11 
-38 -124 -71 85 71 -121 -89 -54 -33 -97 11 -25 -101 106 107 80 
-16 -68 26 -68 17 8 -69 74 -110 16 103 62 97 -63 33 114 
53 -63 -39 92 105 -63 33 76 76 15 -123 43 -125 -86 68 -53 
71 108 93 55 -69 27 -113 -30 74 -106 106 -48 15 -83 43 -115 
-125 87 -55 13 52 64 122 -37 -118 95 -35 13 -46 20 -22 -88 
5 -38 4 95 -62 24 23 -54 -57 -31 96 -123 89 -24 87 -50 
-86 15 -79 110 17 76 90 -2 -128 86 58 -105 -16 -14 5 111 
17 -50 55 60 -114 69 -7 -118 -15 -73 112 101 -90 -70 75 -67 
-107 -79 -70 -119 103 44 105 62 23 -67 -58 -48 70 -118 61 -87 
83 16 30 -42 -120 -22 -33 -86 -81 -31 -63 120 94 106 -80 -29 
GEMMINI: preload - scratchpad output addr = 0xe0000000, scratchpad preload addr = 0x00000010
GEMMINI: compute - preload = 1, scratchpad A addr = 0x00000000,scratchpad B addr 0xffffffff
GEMMINI: compute - PEs after preloading:
1 -35 44 -85 67 125 57 -62 -106 -126 -9 1 36 -47 110 100 
120 -116 -100 39 94 -26 -7 -79 75 1 9 111 -6 58 17 -60 
97 76 -112 38 43 49 21 -82 -30 102 -67 39 -48 -67 14 89 
-11 -13 1 65 97 -72 3 -46 -110 -119 12 -63 94 -80 -35 59 
109 91 -26 16 -70 -46 62 53 -109 67 -19 -44 91 108 -12 -127 
-1 91 56 43 -20 -41 59 -17 29 106 88 -7 -127 74 -50 68 
-28 -53 -18 41 -79 31 116 23 103 -40 70 -56 -121 -95 -32 -100 
84 -125 0 -93 -65 3 97 -58 -85 100 -81 -39 36 -55 -92 -96 
-121 92 103 48 -48 -38 121 20 31 -25 -118 -61 18 26 -110 105 
-75 44 26 105 -102 -5 52 24 -3 55 -49 31 7 -19 33 15 
22 -51 18 -26 -42 -63 11 -21 123 46 118 -124 -67 -104 -55 -86 
-30 22 70 63 60 -127 117 -91 -46 -93 121 -116 -22 117 3 81 
80 -32 -81 11 -124 -108 -21 93 59 110 -51 -51 72 -37 70 29 
-102 1 68 -29 102 83 -28 45 -20 103 108 -33 -115 34 11 37 
-9 83 -2 95 -102 21 -40 42 30 102 77 92 114 -94 -55 -126 
-98 -84 -44 22 -40 50 64 111 9 68 105 -38 -81 -76 -7 76 
GEMMINI: compute - PEs after matmul:
1 -35 44 -85 67 125 57 -62 -106 -126 -9 1 36 -47 110 100 
120 -116 -100 39 94 -26 -7 -79 75 1 9 111 -6 58 17 -60 
97 76 -112 38 43 49 21 -82 -30 102 -67 39 -48 -67 14 89 
-11 -13 1 65 97 -72 3 -46 -110 -119 12 -63 94 -80 -35 59 
109 91 -26 16 -70 -46 62 53 -109 67 -19 -44 91 108 -12 -127 
-1 91 56 43 -20 -41 59 -17 29 106 88 -7 -127 74 -50 68 
-28 -53 -18 41 -79 31 116 23 103 -40 70 -56 -121 -95 -32 -100 
84 -125 0 -93 -65 3 97 -58 -85 100 -81 -39 36 -55 -92 -96 
-121 92 103 48 -48 -38 121 20 31 -25 -118 -61 18 26 -110 105 
-75 44 26 105 -102 -5 52 24 -3 55 -49 31 7 -19 33 15 
22 -51 18 -26 -42 -63 11 -21 123 46 118 -124 -67 -104 -55 -86 
-30 22 70 63 60 -127 117 -91 -46 -93 121 -116 -22 117 3 81 
80 -32 -81 11 -124 -108 -21 93 59 110 -51 -51 72 -37 70 29 
-102 1 68 -29 102 83 -28 45 -20 103 108 -33 -115 34 11 37 
-9 83 -2 95 -102 21 -40 42 30 102 77 92 114 -94 -55 -126 
-98 -84 -44 22 -40 50 64 111 9 68 105 -38 -81 -76 -7 76 
GEMMINI: compute - writing results to addr 0xe0000000, :
22003 -25698 -8842 -309 -43998 56431 -28434 9432 51253 -18051 -22407 -53521 51581 -47680 -15559 -32262 
30946 25780 29505 52735 -3352 -445 62378 -34364 5456 -16978 -6099 16137 44217 50408 26185 -31999 
-628 4863 -36973 -23292 43451 -20518 11546 -22875 -61332 -25444 18302 18323 -17215 6163 19401 44325 
30993 20339 -27720 35592 -2763 -41214 -4874 -52757 -8433 -2660 12029 55823 -2792 81842 23089 21744 
396 11704 -5659 10110 -25314 -60865 27403 -33518 31919 -3697 13004 -9776 -25876 35858 -20395 4661 
55557 -51864 -5184 -39372 38619 -4734 -36291 -48013 -27357 -25871 -21935 15054 -11141 -8591 1923 -47680 
-42903 20336 35514 -7200 13010 12534 -37379 1876 -46535 -26497 13471 3359 7284 -5460 -5972 -21968 
25703 -34614 -42425 -33024 -63440 -28852 18061 39592 -12605 18598 25929 -8275 44293 -7007 4811 -34507 
-41757 639 12874 -14431 -19326 -21881 14328 -50042 -59116 -59980 -39276 -22943 25853 4287 -18979 342 
27596 37165 15205 -2670 59466 -1302 -25388 -70631 17905 -18075 -45335 -10219 -14803 -27978 -13530 27703 
-7420 7188 -5486 49097 1558 -55352 36351 -31439 -22643 -24277 16622 -120 -27125 22057 -913 -71179 
-1418 9562 4951 23597 20910 16783 -29987 -8199 59624 -16635 -1972 -3441 -1648 -24908 -24753 16588 
-24869 -3074 -41432 7494 -25786 19648 36732 55604 18266 49021 80607 -21092 -10276 -50275 31786 -25777 
3538 16759 19874 18405 33683 26176 -9427 5002 3004 -39856 48300 -10346 -10884 -15269 -46437 31047 
4058 5739 -8100 -18133 -69253 -22093 11224 9384 17580 46699 -42487 -3136 -23978 19653 -29788 -8513 
-8278 -1627 13567 -4924 55276 13732 -39153 1408 -19440 31222 26854 -29131 -46179 -29850 65573 32913 
GEMMINI: mvin - 0x10 cols and 0x10 rows from 0x20000410 to addr 0x00000010
-55 -26 -66 -95 -40 2 -108 18 -27 -40 -72 -15 -4 -81 18 -101 
-82 -40 -75 -104 82 -35 75 44 -22 -6 48 59 17 -21 -116 -122 
-121 91 -80 -110 -3 28 -35 -44 80 -126 -53 78 -90 -64 -32 38 
-118 69 -88 40 -109 22 -61 36 79 72 -127 -61 115 -122 -122 -109 
-16 112 -108 -14 -54 34 116 50 30 37 73 49 48 -106 -12 -28 
-15 -77 109 -120 92 -101 104 22 -9 -17 28 49 -108 70 -91 50 
-58 -26 42 -127 -1 -42 24 -22 17 -128 -15 91 89 -16 14 -107 
-91 -31 -61 118 109 44 -4 -60 -93 -81 -64 71 54 -21 -87 36 
-57 125 49 -2 92 -10 -117 -68 -25 85 -126 -116 -30 -113 -18 -7 
100 -111 108 -78 -123 -117 61 -20 19 72 46 -61 23 53 84 41 
-77 -12 107 42 -95 67 -117 106 96 98 -67 -125 -117 51 83 -49 
-18 -128 38 -2 102 118 -20 78 7 121 38 101 -8 -29 100 1 
76 13 -107 -59 -115 125 -39 -78 62 104 97 1 20 -100 -2 -40 
5 113 -78 24 -50 -82 -55 -84 62 4 103 -17 -104 -74 -102 107 
80 -122 114 -113 -31 99 53 85 63 38 48 -58 60 -118 -81 -44 
103 34 -49 -63 126 -13 -108 -60 121 -89 -78 31 -72 110 -74 41 
GEMMINI: mvin - 0x10 cols and 0x10 rows from 0x10000020 to addr 0x00000000
78 -40 54 19 -58 -126 73 76 25 -30 116 14 -87 74 79 57 
-35 120 -87 58 22 89 42 -112 107 -78 68 -88 -14 -26 -53 90 
77 67 20 -64 -75 -106 -121 -53 -107 15 -113 -98 121 -30 -1 -56 
-6 -47 -100 100 -49 96 -44 -50 -107 -80 27 -48 11 -123 -2 115 
2 123 38 -87 82 -94 71 43 38 16 108 -32 53 -39 -97 12 
66 91 87 -49 -22 4 -43 49 -57 102 -57 47 67 -89 118 6 
86 73 -108 -40 4 -16 51 -14 -77 -84 50 -34 68 119 -40 -113 
-100 -33 2 -125 -50 -115 -43 64 -23 -100 114 -51 3 -109 -37 -102 
48 117 -122 83 52 -58 -15 -86 37 -83 11 -97 14 4 82 -40 
-15 37 -59 -119 -28 67 124 -126 -28 25 66 -77 -78 -110 -44 -70 
121 -57 36 36 73 108 42 -38 100 -39 29 43 -4 -57 -75 111 
40 -12 -56 -25 -109 109 113 -127 -96 -90 97 -25 -71 -20 11 -21 
24 6 -106 83 -84 44 -122 10 86 -8 -111 -118 117 9 -86 -35 
41 21 50 -89 67 83 94 -59 4 10 -11 115 127 -24 38 -74 
-10 -5 3 -26 -60 76 -82 -62 -27 -44 -112 -60 -30 18 -41 -88 
-35 80 45 -48 93 63 -22 -44 -8 14 39 94 108 -48 -49 -92 
GEMMINI: preload - scratchpad output addr = 0xe0000000, scratchpad preload addr = 0x00000010
GEMMINI: compute - preload = 1, scratchpad A addr = 0x00000000,scratchpad B addr 0xffffffff
GEMMINI: compute - PEs after preloading:
-55 -26 -66 -95 -40 2 -108 18 -27 -40 -72 -15 -4 -81 18 -101 
-82 -40 -75 -104 82 -35 75 44 -22 -6 48 59 17 -21 -116 -122 
-121 91 -80 -110 -3 28 -35 -44 80 -126 -53 78 -90 -64 -32 38 
-118 69 -88 40 -109 22 -61 36 79 72 -127 -61 115 -122 -122 -109 
-16 112 -108 -14 -54 34 116 50 30 37 73 49 48 -106 -12 -28 
-15 -77 109 -120 92 -101 104 22 -9 -17 28 49 -108 70 -91 50 
-58 -26 42 -127 -1 -42 24 -22 17 -128 -15 91 89 -16 14 -107 
-91 -31 -61 118 109 44 -4 -60 -93 -81 -64 71 54 -21 -87 36 
-57 125 49 -2 92 -10 -117 -68 -25 85 -126 -116 -30 -113 -18 -7 
100 -111 108 -78 -123 -117 61 -20 19 72 46 -61 23 53 84 41 
-77 -12 107 42 -95 67 -117 106 96 98 -67 -125 -117 51 83 -49 
-18 -128 38 -2 102 118 -20 78 7 121 38 101 -8 -29 100 1 
76 13 -107 -59 -115 125 -39 -78 62 104 97 1 20 -100 -2 -40 
5 113 -78 24 -50 -82 -55 -84 62 4 103 -17 -104 -74 -102 107 
80 -122 114 -113 -31 99 53 85 63 38 48 -58 60 -118 -81 -44 
103 34 -49 -63 126 -13 -108 -60 121 -89 -78 31 -72 110 -74 41 
GEMMINI: compute - PEs after matmul:
-55 -26 -66 -95 -40 2 -108 18 -27 -40 -72 -15 -4 -81 18 -101 
-82 -40 -75 -104 82 -35 75 44 -22 -6 48 59 17 -21 -116 -122 
-121 91 -80 -110 -3 28 -35 -44 80 -126 -53 78 -90 -64 -32 38 
-118 69 -88 40 -109 22 -61 36 79 72 -127 -61 115 -122 -122 -109 
-16 112 -108 -14 -54 34 116 50 30 37 73 49 48 -106 -12 -28 
-15 -77 109 -120 92 -101 104 22 -9 -17 28 49 -108 70 -91 50 
-58 -26 42 -127 -1 -42 24 -22 17 -128 -15 91 89 -16 14 -107 
-91 -31 -61 118 109 44 -4 -60 -93 -81 -64 71 54 -21 -87 36 
-57 125 49 -2 92 -10 -117 -68 -25 85 -126 -116 -30 -113 -18 -7 
100 -111 108 -78 -123 -117 61 -20 19 72 46 -61 23 53 84 41 
-77 -12 107 42 -95 67 -117 106 96 98 -67 -125 -117 51 83 -49 
-18 -128 38 -2 102 118 -20 78 7 121 38 101 -8 -29 100 1 
76 13 -107 -59 -115 125 -39 -78 62 104 97 1 20 -100 -2 -40 
5 113 -78 24 -50 -82 -55 -84 62 4 103 -17 -104 -74 -102 107 
80 -122 114 -113 -31 99 53 85 63 38 48 -58 60 -118 -81 -44 
103 34 -49 -63 126 -13 -108 -60 121 -89 -78 31 -72 110 -74 41 
GEMMINI: compute - writing results to addr 0xe0000000, :
-3775 -18147 -5343 8415 -45444 73770 -82544 11699 70522 -39667 -62180 -69291 45415 -63101 -16922 -41846 
19068 54853 34417 35355 16472 -24615 53903 -26945 19198 -10252 -28508 -4023 30539 64066 -2009 -60991 
30668 -2603 -75766 -29176 11033 -14257 20584 -38254 -76536 -30783 50792 17619 -4255 2669 24696 40450 
50713 1712 -17905 41968 1067 -35552 -7657 -32905 4487 -3777 -8723 48841 804 122691 11842 9764 
-23062 31728 -29488 5075 -26021 -53552 19832 -38759 31547 -11810 10364 -754 -29209 37326 -3141 -19132 
69744 -103014 -4155 -85696 41723 14021 -13506 -40039 -29020 -29732 -4685 35076 1601 -18968 -711 -59348 
-53664 22200 12975 410 -14763 11428 -35290 7158 -59538 -20343 48505 4685 8524 -19764 -6808 -44426 
17280 -34595 -28061 22751 -61836 4472 14099 47395 -38025 17363 20959 -18188 41206 19006 44953 -28038 
-46275 18074 -4097 -16850 -44554 -14306 16271 -28174 -57047 -34800 -37367 -55555 55090 -32880 -46526 -47988 
33477 7215 72637 -29251 57305 -36853 8470 -47877 -168 -34095 -36421 -13035 -20248 22594 25753 10089 
-27534 29436 -10965 21534 25071 -57291 5408 -32202 -8698 -31788 -24371 5560 -48430 19248 837 -83273 
-5122 -22634 52482 439 19828 -718 -28197 21712 64171 -36306 -4031 -5370 -21159 15503 -11215 -1993 
-13378 22123 -68477 33402 -33431 1151 24062 21054 -5982 71936 73161 -50445 -356 -60410 4385 -21019 
6112 -9651 29493 -35713 28815 46506 15797 15020 6417 -25476 87096 19275 -12873 -40296 -24838 14719 
10250 10347 -8810 -11934 -62701 -48733 34924 899 -7274 36412 -25476 529 -34231 31415 -38711 13212 
-18114 -11857 9059 -23866 47665 32781 -9918 18443 -20137 64656 61591 -9323 -54840 -40568 86164 22687 
GEMMINI: mvout - 0x10 cols and 0x10 rows from 0x100010e0000000 to addr 0x30000040
-3775 -18147 -5343 8415 -45444 73770 -82544 11699 70522 -39667 -62180 -69291 45415 -63101 -16922 -41846 
19068 54853 34417 35355 16472 -24615 53903 -26945 19198 -10252 -28508 -4023 30539 64066 -2009 -60991 
30668 -2603 -75766 -29176 11033 -14257 20584 -38254 -76536 -30783 50792 17619 -4255 2669 24696 40450 
50713 1712 -17905 41968 1067 -35552 -7657 -32905 4487 -3777 -8723 48841 804 122691 11842 9764 
-23062 31728 -29488 5075 -26021 -53552 19832 -38759 31547 -11810 10364 -754 -29209 37326 -3141 -19132 
69744 -103014 -4155 -85696 41723 14021 -13506 -40039 -29020 -29732 -4685 35076 1601 -18968 -711 -59348 
-53664 22200 12975 410 -14763 11428 -35290 7158 -59538 -20343 48505 4685 8524 -19764 -6808 -44426 
17280 -34595 -28061 22751 -61836 4472 14099 47395 -38025 17363 20959 -18188 41206 19006 44953 -28038 
-46275 18074 -4097 -16850 -44554 -14306 16271 -28174 -57047 -34800 -37367 -55555 55090 -32880 -46526 -47988 
33477 7215 72637 -29251 57305 -36853 8470 -47877 -168 -34095 -36421 -13035 -20248 22594 25753 10089 
-27534 29436 -10965 21534 25071 -57291 5408 -32202 -8698 -31788 -24371 5560 -48430 19248 837 -83273 
-5122 -22634 52482 439 19828 -718 -28197 21712 64171 -36306 -4031 -5370 -21159 15503 -11215 -1993 
-13378 22123 -68477 33402 -33431 1151 24062 21054 -5982 71936 73161 -50445 -356 -60410 4385 -21019 
6112 -9651 29493 -35713 28815 46506 15797 15020 6417 -25476 87096 19275 -12873 -40296 -24838 14719 
10250 10347 -8810 -11934 -62701 -48733 34924 899 -7274 3MODE 2 PASS
VERITAC_GEMMINI_RAW_PASS
6412 -25476 529 -34231 31415 -38711 13212 
-18114 -11857 9059 -23866 47665 32781 -9918 18443 -20137 64656 61591 -9323 -54840 -40568 86164 22687 
