Gemmini extension configured with:
    dim = 16
GEMMINI: flush
GEMMINI: config_ex - set dataflow mode from 0 to 1
GEMMINI: config_ex - set activation function from 0 to 0
GEMMINI: config_ex - set sys_shift from 0 to 0
GEMMINI: config_mvout - set store stride from 0 to 64
GEMMINI: config_mvout - no pooling
GEMMINI: config_mvin - set load stride from 0 to 32
GEMMINI: config_mvin - set load scale from 205849743500560 to 205849743500560
GEMMINI: config_mvin - set load stride from 0 to 16
GEMMINI: config_mvin - set load scale from 205849743500564 to 205849743500562
GEMMINI: mvin - 0x10 cols and 0x10 rows from 0x20000000 to addr 0x00000010
0 0 0 0 0 0 0 0 0 0 0 0 0 0 0 0 
0 0 0 0 0 0 0 0 0 0 0 0 0 0 0 0 
0 0 0 0 0 0 0 0 0 0 0 0 0 0 0 0 
0 0 0 0 0 0 0 0 0 0 0 0 0 0 0 0 
0 0 0 0 0 0 0 0 0 0 0 0 0 0 0 0 
0 0 0 0 0 0 0 0 0 0 0 0 0 0 0 0 
0 0 0 0 0 0 0 0 0 0 0 0 0 0 0 0 
0 0 0 0 0 0 0 0 0 0 0 0 0 0 0 0 
0 0 0 0 0 0 0 0 0 0 0 0 0 0 0 0 
0 0 0 0 0 0 0 0 0 0 0 0 0 0 0 0 
0 0 0 0 0 0 0 0 0 0 0 0 0 0 0 0 
0 0 0 0 0 0 0 0 0 0 0 0 0 0 0 0 
0 0 0 0 0 0 0 0 0 0 0 0 0 0 0 0 
0 0 0 0 0 0 0 0 0 0 0 0 0 0 0 0 
0 0 0 0 0 0 0 0 0 0 0 0 0 0 0 0 
0 0 0 0 0 0 0 0 0 0 0 0 0 0 0 0 
GEMMINI: mvin - 0x10 cols and 0x10 rows from 0x10000000 to addr 0x00000000
0 0 0 0 0 0 0 0 0 0 0 0 0 0 0 0 
0 0 0 0 0 0 0 0 0 0 0 0 0 0 0 0 
0 0 0 0 0 0 0 0 0 0 0 0 0 0 0 0 
0 0 0 0 0 0 0 0 0 0 0 0 0 0 0 0 
0 0 0 0 0 0 0 0 0 0 0 0 0 0 0 0 
0 0 0 0 0 0 0 0 0 0 0 0 0 0 0 0 
0 0 0 0 0 0 0 0 0 0 0 0 0 0 0 0 
0 0 0 0 0 0 0 0 0 0 0 0 0 0 0 0 
0 0 0 0 0 0 0 0 0 0 0 0 0 0 0 0 
0 0 0 0 0 0 0 0 0 0 0 0 0 0 0 0 
0 0 0 0 0 0 0 0 0 0 0 0 0 0 0 0 
0 0 0 0 0 0 0 0 0 0 0 0 0 0 0 0 
0 0 0 0 0 0 0 0 0 0 0 0 0 0 0 0 
0 0 0 0 0 0 0 0 0 0 0 0 0 0 0 0 
0 0 0 0 0 0 0 0 0 0 0 0 0 0 0 0 
0 0 0 0 0 0 0 0 0 0 0 0 0 0 0 0 
GEMMINI: preload - scratchpad output addr = 0xa0000000, scratchpad preload addr = 0x00000010
GEMMINI: compute - preload = 1, scratchpad A addr = 0x00000000,scratchpad B addr 0xffffffff
GEMMINI: compute - PEs after preloading:
0 0 0 0 0 0 0 0 0 0 0 0 0 0 0 0 
0 0 0 0 0 0 0 0 0 0 0 0 0 0 0 0 
0 0 0 0 0 0 0 0 0 0 0 0 0 0 0 0 
0 0 0 0 0 0 0 0 0 0 0 0 0 0 0 0 
0 0 0 0 0 0 0 0 0 0 0 0 0 0 0 0 
0 0 0 0 0 0 0 0 0 0 0 0 0 0 0 0 
0 0 0 0 0 0 0 0 0 0 0 0 0 0 0 0 
0 0 0 0 0 0 0 0 0 0 0 0 0 0 0 0 
0 0 0 0 0 0 0 0 0 0 0 0 0 0 0 0 
0 0 0 0 0 0 0 0 0 0 0 0 0 0 0 0 
0 0 0 0 0 0 0 0 0 0 0 0 0 0 0 0 
0 0 0 0 0 0 0 0 0 0 0 0 0 0 0 0 
0 0 0 0 0 0 0 0 0 0 0 0 0 0 0 0 
0 0 0 0 0 0 0 0 0 0 0 0 0 0 0 0 
0 0 0 0 0 0 0 0 0 0 0 0 0 0 0 0 
0 0 0 0 0 0 0 0 0 0 0 0 0 0 0 0 
GEMMINI: compute - PEs after matmul:
0 0 0 0 0 0 0 0 0 0 0 0 0 0 0 0 
0 0 0 0 0 0 0 0 0 0 0 0 0 0 0 0 
0 0 0 0 0 0 0 0 0 0 0 0 0 0 0 0 
0 0 0 0 0 0 0 0 0 0 0 0 0 0 0 0 
0 0 0 0 0 0 0 0 0 0 0 0 0 0 0 0 
0 0 0 0 0 0 0 0 0 0 0 0 0 0 0 0 
0 0 0 0 0 0 0 0 0 0 0 0 0 0 0 0 
0 0 0 0 0 0 0 0 0 0 0 0 0 0 0 0 
0 0 0 0 0 0 0 0 0 0 0 0 0 0 0 0 
0 0 0 0 0 0 0 0 0 0 0 0 0 0 0 0 
0 0 0 0 0 0 0 0 0 0 0 0 0 0 0 0 
0 0 0 0 0 0 0 0 0 0 0 0 0 0 0 0 
0 0 0 0 0 0 0 0 0 0 0 0 0 0 0 0 
0 0 0 0 0 0 0 0 0 0 0 0 0 0 0 0 
0 0 0 0 0 0 0 0 0 0 0 0 0 0 0 0 
0 0 0 0 0 0 0 0 0 0 0 0 0 0 0 0 
GEMMINI: compute - writing results to addr 0xa0000000, :
0 0 0 0 0 0 0 0 0 0 0 0 0 0 0 0 
0 0 0 0 0 0 0 0 0 0 0 0 0 0 0 0 
0 0 0 0 0 0 0 0 0 0 0 0 0 0 0 0 
0 0 0 0 0 0 0 0 0 0 0 0 0 0 0 0 
0 0 0 0 0 0 0 0 0 0 0 0 0 0 0 0 
0 0 0 0 0 0 0 0 0 0 0 0 0 0 0 0 
0 0 0 0 0 0 0 0 0 0 0 0 0 0 0 0 
0 0 0 0 0 0 0 0 0 0 0 0 0 0 0 0 
0 0 0 0 0 0 0 0 0 0 0 0 0 0 0 0 
0 0 0 0 0 0 0 0 0 0 0 0 0 0 0 0 
0 0 0 0 0 0 0 0 0 0 0 0 0 0 0 0 
0 0 0 0 0 0 0 0 0 0 0 0 0 0 0 0 
0 0 0 0 0 0 0 0 0 0 0 0 0 0 0 0 
0 0 0 0 0 0 0 0 0 0 0 0 0 0 0 0 
0 0 0 0 0 0 0 0 0 0 0 0 0 0 0 0 
0 0 0 0 0 0 0 0 0 0 0 0 0 0 0 0 
GEMMINI: mvin - 0x10 cols and 0x10 rows from 0x10000200 to addr 0x00000000
0 0 0 0 0 0 0 0 0 0 0 0 0 0 0 0 
0 0 0 0 0 0 0 0 0 0 0 0 0 0 0 0 
0 0 0 0 0 0 0 0 0 0 0 0 0 0 0 0 
0 0 0 0 0 0 0 0 0 0 0 0 0 0 0 0 
0 0 0 0 0 0 0 0 0 0 0 0 0 0 0 0 
0 0 0 0 0 0 0 0 0 0 0 0 0 0 0 0 
0 0 0 0 0 0 0 0 0 0 0 0 0 0 0 0 
0 0 0 0 0 0 0 0 0 0 0 0 0 0 0 0 
0 0 0 0 0 0 0 0 0 0 0 0 0 0 0 0 
0 0 0 0 0 0 0 0 0 0 0 0 0 0 0 0 
0 0 0 0 0 0 0 0 0 0 0 0 0 0 0 0 
0 0 0 0 0 0 0 0 0 0 0 0 0 0 0 0 
0 0 0 0 0 0 0 0 0 0 0 0 0 0 0 0 
0 0 0 0 0 0 0 0 0 0 0 0 0 0 0 0 
0 0 0 0 0 0 0 0 0 0 0 0 0 0 0 0 
0 0 0 0 0 0 0 0 0 0 0 0 0 0 0 0 
GEMMINI: preload - scratchpad output addr = 0xa0000010, scratchpad preload addr = 0x00000010
GEMMINI: compute - preload = 1, scratchpad A addr = 0x00000000,scratchpad B addr 0xffffffff
GEMMINI: compute - PEs after preloading:
0 0 0 0 0 0 0 0 0 0 0 0 0 0 0 0 
0 0 0 0 0 0 0 0 0 0 0 0 0 0 0 0 
0 0 0 0 0 0 0 0 0 0 0 0 0 0 0 0 
0 0 0 0 0 0 0 0 0 0 0 0 0 0 0 0 
0 0 0 0 0 0 0 0 0 0 0 0 0 0 0 0 
0 0 0 0 0 0 0 0 0 0 0 0 0 0 0 0 
0 0 0 0 0 0 0 0 0 0 0 0 0 0 0 0 
0 0 0 0 0 0 0 0 0 0 0 0 0 0 0 0 
0 0 0 0 0 0 0 0 0 0 0 0 0 0 0 0 
0 0 0 0 0 0 0 0 0 0 0 0 0 0 0 0 
0 0 0 0 0 0 0 0 0 0 0 0 0 0 0 0 
0 0 0 0 0 0 0 0 0 0 0 0 0 0 0 0 
0 0 0 0 0 0 0 0 0 0 0 0 0 0 0 0 
0 0 0 0 0 0 0 0 0 0 0 0 0 0 0 0 
0 0 0 0 0 0 0 0 0 0 0 0 0 0 0 0 
0 0 0 0 0 0 0 0 0 0 0 0 0 0 0 0 
GEMMINI: compute - PEs after matmul:
0 0 0 0 0 0 0 0 0 0 0 0 0 0 0 0 
0 0 0 0 0 0 0 0 0 0 0 0 0 0 0 0 
0 0 0 0 0 0 0 0 0 0 0 0 0 0 0 0 
0 0 0 0 0 0 0 0 0 0 0 0 0 0 0 0 
0 0 0 0 0 0 0 0 0 0 0 0 0 0 0 0 
0 0 0 0 0 0 0 0 0 0 0 0 0 0 0 0 
0 0 0 0 0 0 0 0 0 0 0 0 0 0 0 0 
0 0 0 0 0 0 0 0 0 0 0 0 0 0 0 0 
0 0 0 0 0 0 0 0 0 0 0 0 0 0 0 0 
0 0 0 0 0 0 0 0 0 0 0 0 0 0 0 0 
0 0 0 0 0 0 0 0 0 0 0 0 0 0 0 0 
0 0 0 0 0 0 0 0 0 0 0 0 0 0 0 0 
0 0 0 0 0 0 0 0 0 0 0 0 0 0 0 0 
0 0 0 0 0 0 0 0 0 0 0 0 0 0 0 0 
0 0 0 0 0 0 0 0 0 0 0 0 0 0 0 0 
0 0 0 0 0 0 0 0 0 0 0 0 0 0 0 0 
GEMMINI: compute - writing results to addr 0xa0000010, :
0 0 0 0 0 0 0 0 0 0 0 0 0 0 0 0 
0 0 0 0 0 0 0 0 0 0 0 0 0 0 0 0 
0 0 0 0 0 0 0 0 0 0 0 0 0 0 0 0 
0 0 0 0 0 0 0 0 0 0 0 0 0 0 0 0 
0 0 0 0 0 0 0 0 0 0 0 0 0 0 0 0 
0 0 0 0 0 0 0 0 0 0 0 0 0 0 0 0 
0 0 0 0 0 0 0 0 0 0 0 0 0 0 0 0 
0 0 0 0 0 0 0 0 0 0 0 0 0 0 0 0 
0 0 0 0 0 0 0 0 0 0 0 0 0 0 0 0 
0 0 0 0 0 0 0 0 0 0 0 0 0 0 0 0 
0 0 0 0 0 0 0 0 0 0 0 0 0 0 0 0 
0 0 0 0 0 0 0 0 0 0 0 0 0 0 0 0 
0 0 0 0 0 0 0 0 0 0 0 0 0 0 0 0 
0 0 0 0 0 0 0 0 0 0 0 0 0 0 0 0 
0 0 0 0 0 0 0 0 0 0 0 0 0 0 0 0 
0 0 0 0 0 0 0 0 0 0 0 0 0 0 0 0 
GEMMINI: mvin - 0x10 cols and 0x10 rows from 0x20000100 to addr 0x00000010
0 0 0 0 0 0 0 0 0 0 0 0 0 0 0 0 
0 0 0 0 0 0 0 0 0 0 0 0 0 0 0 0 
0 0 0 0 0 0 0 0 0 0 0 0 0 0 0 0 
0 0 0 0 0 0 0 0 0 0 0 0 0 0 0 0 
0 0 0 0 0 0 0 0 0 0 0 0 0 0 0 0 
0 0 0 0 0 0 0 0 0 0 0 0 0 0 0 0 
0 0 0 0 0 0 0 0 0 0 0 0 0 0 0 0 
0 0 0 0 0 0 0 0 0 0 0 0 0 0 0 0 
0 0 0 0 0 0 0 0 0 0 0 0 0 0 0 0 
0 0 0 0 0 0 0 0 0 0 0 0 0 0 0 0 
0 0 0 0 0 0 0 0 0 0 0 0 0 0 0 0 
0 0 0 0 0 0 0 0 0 0 0 0 0 0 0 0 
0 0 0 0 0 0 0 0 0 0 0 0 0 0 0 0 
0 0 0 0 0 0 0 0 0 0 0 0 0 0 0 0 
0 0 0 0 0 0 0 0 0 0 0 0 0 0 0 0 
0 0 0 0 0 0 0 0 0 0 0 0 0 0 0 0 
GEMMINI: mvin - 0x10 cols and 0x10 rows from 0x10000010 to addr 0x00000000
0 0 0 0 0 0 0 0 0 0 0 0 0 0 0 0 
0 0 0 0 0 0 0 0 0 0 0 0 0 0 0 0 
0 0 0 0 0 0 0 0 0 0 0 0 0 0 0 0 
0 0 0 0 0 0 0 0 0 0 0 0 0 0 0 0 
0 0 0 0 0 0 0 0 0 0 0 0 0 0 0 0 
0 0 0 0 0 0 0 0 0 0 0 0 0 0 0 0 
0 0 0 0 0 0 0 0 0 0 0 0 0 0 0 0 
0 0 0 0 0 0 0 0 0 0 0 0 0 0 0 0 
0 0 0 0 0 0 0 0 0 0 0 0 0 0 0 0 
0 0 0 0 0 0 0 0 0 0 0 0 0 0 0 0 
0 0 0 0 0 0 0 0 0 0 0 0 0 0 0 0 
0 0 0 0 0 0 0 0 0 0 0 0 0 0 0 0 
0 0 0 0 0 0 0 0 0 0 0 0 0 0 0 0 
0 0 0 0 0 0 0 0 0 0 0 0 0 0 0 0 
0 0 0 0 0 0 0 0 0 0 0 0 0 0 0 0 
0 0 0 0 0 0 0 0 0 0 0 0 0 0 0 0 
GEMMINI: preload - scratchpad output addr = 0xe0000000, scratchpad preload addr = 0x00000010
GEMMINI: compute - preload = 1, scratchpad A addr = 0x00000000,scratchpad B addr 0xffffffff
GEMMINI: compute - PEs after preloading:
0 0 0 0 0 0 0 0 0 0 0 0 0 0 0 0 
0 0 0 0 0 0 0 0 0 0 0 0 0 0 0 0 
0 0 0 0 0 0 0 0 0 0 0 0 0 0 0 0 
0 0 0 0 0 0 0 0 0 0 0 0 0 0 0 0 
0 0 0 0 0 0 0 0 0 0 0 0 0 0 0 0 
0 0 0 0 0 0 0 0 0 0 0 0 0 0 0 0 
0 0 0 0 0 0 0 0 0 0 0 0 0 0 0 0 
0 0 0 0 0 0 0 0 0 0 0 0 0 0 0 0 
0 0 0 0 0 0 0 0 0 0 0 0 0 0 0 0 
0 0 0 0 0 0 0 0 0 0 0 0 0 0 0 0 
0 0 0 0 0 0 0 0 0 0 0 0 0 0 0 0 
0 0 0 0 0 0 0 0 0 0 0 0 0 0 0 0 
0 0 0 0 0 0 0 0 0 0 0 0 0 0 0 0 
0 0 0 0 0 0 0 0 0 0 0 0 0 0 0 0 
0 0 0 0 0 0 0 0 0 0 0 0 0 0 0 0 
0 0 0 0 0 0 0 0 0 0 0 0 0 0 0 0 
GEMMINI: compute - PEs after matmul:
0 0 0 0 0 0 0 0 0 0 0 0 0 0 0 0 
0 0 0 0 0 0 0 0 0 0 0 0 0 0 0 0 
0 0 0 0 0 0 0 0 0 0 0 0 0 0 0 0 
0 0 0 0 0 0 0 0 0 0 0 0 0 0 0 0 
0 0 0 0 0 0 0 0 0 0 0 0 0 0 0 0 
0 0 0 0 0 0 0 0 0 0 0 0 0 0 0 0 
0 0 0 0 0 0 0 0 0 0 0 0 0 0 0 0 
0 0 0 0 0 0 0 0 0 0 0 0 0 0 0 0 
0 0 0 0 0 0 0 0 0 0 0 0 0 0 0 0 
0 0 0 0 0 0 0 0 0 0 0 0 0 0 0 0 
0 0 0 0 0 0 0 0 0 0 0 0 0 0 0 0 
0 0 0 0 0 0 0 0 0 0 0 0 0 0 0 0 
0 0 0 0 0 0 0 0 0 0 0 0 0 0 0 0 
0 0 0 0 0 0 0 0 0 0 0 0 0 0 0 0 
0 0 0 0 0 0 0 0 0 0 0 0 0 0 0 0 
0 0 0 0 0 0 0 0 0 0 0 0 0 0 0 0 
GEMMINI: compute - writing results to addr 0xe0000000, :
0 0 0 0 0 0 0 0 0 0 0 0 0 0 0 0 
0 0 0 0 0 0 0 0 0 0 0 0 0 0 0 0 
0 0 0 0 0 0 0 0 0 0 0 0 0 0 0 0 
0 0 0 0 0 0 0 0 0 0 0 0 0 0 0 0 
0 0 0 0 0 0 0 0 0 0 0 0 0 0 0 0 
0 0 0 0 0 0 0 0 0 0 0 0 0 0 0 0 
0 0 0 0 0 0 0 0 0 0 0 0 0 0 0 0 
0 0 0 0 0 0 0 0 0 0 0 0 0 0 0 0 
0 0 0 0 0 0 0 0 0 0 0 0 0 0 0 0 
0 0 0 0 0 0 0 0 0 0 0 0 0 0 0 0 
0 0 0 0 0 0 0 0 0 0 0 0 0 0 0 0 
0 0 0 0 0 0 0 0 0 0 0 0 0 0 0 0 
0 0 0 0 0 0 0 0 0 0 0 0 0 0 0 0 
0 0 0 0 0 0 0 0 0 0 0 0 0 0 0 0 
0 0 0 0 0 0 0 0 0 0 0 0 0 0 0 0 
0 0 0 0 0 0 0 0 0 0 0 0 0 0 0 0 
GEMMINI: mvout - 0x10 cols and 0x10 rows from 0x100010e0000000 to addr 0x30000000
0 0 0 0 0 0 0 0 0 0 0 0 0 0 0 0 
0 0 0 0 0 0 0 0 0 0 0 0 0 0 0 0 
0 0 0 0 0 0 0 0 0 0 0 0 0 0 0 0 
0 0 0 0 0 0 0 0 0 0 0 0 0 0 0 0 
0 0 0 0 0 0 0 0 0 0 0 0 0 0 0 0 
0 0 0 0 0 0 0 0 0 0 0 0 0 0 0 0 
0 0 0 0 0 0 0 0 0 0 0 0 0 0 0 0 
0 0 0 0 0 0 0 0 0 0 0 0 0 0 0 0 
0 0 0 0 0 0 0 0 0 0 0 0 0 0 0 0 
0 0 0 0 0 0 0 0 0 0 0 0 0 0 0 0 
0 0 0 0 0 0 0 0 0 0 0 0 0 0 0 0 
0 0 0 0 0 0 0 0 0 0 0 0 0 0 0 0 
0 0 0 0 0 0 0 0 0 0 0 0 0 0 0 0 
0 0 0 0 0 0 0 0 0 0 0 0 0 0 0 0 
0 0 0 0 0 0 0 0 0 0 0 0 0 0 0 0 
0 0 0 0 0 0 0 0 0 0 0 0 0 0 0 0 
GEMMINI: mvin - 0x10 cols and 0x10 rows from 0x10000210 to addr 0x00000000
0 0 0 0 0 0 0 0 0 0 0 0 0 0 0 0 
0 0 0 0 0 0 0 0 0 0 0 0 0 0 0 0 
0 0 0 0 0 0 0 0 0 0 0 0 0 0 0 0 
0 0 0 0 0 0 0 0 0 0 0 0 0 0 0 0 
0 0 0 0 0 0 0 0 0 0 0 0 0 0 0 0 
0 0 0 0 0 0 0 0 0 0 0 0 0 0 0 0 
0 0 0 0 0 0 0 0 0 0 0 0 0 0 0 0 
0 0 0 0 0 0 0 0 0 0 0 0 0 0 0 0 
0 0 0 0 0 0 0 0 0 0 0 0 0 0 0 0 
0 0 0 0 0 0 0 0 0 0 0 0 0 0 0 0 
0 0 0 0 0 0 0 0 0 0 0 0 0 0 0 0 
0 0 0 0 0 0 0 0 0 0 0 0 0 0 0 0 
0 0 0 0 0 0 0 0 0 0 0 0 0 0 0 0 
0 0 0 0 0 0 0 0 0 0 0 0 0 0 0 0 
0 0 0 0 0 0 0 0 0 0 0 0 0 0 0 0 
0 0 0 0 0 0 0 0 0 0 0 0 0 0 0 0 
GEMMINI: preload - scratchpad output addr = 0xe0000010, scratchpad preload addr = 0x00000010
GEMMINI: compute - preload = 1, scratchpad A addr = 0x00000000,scratchpad B addr 0xffffffff
GEMMINI: compute - PEs after preloading:
0 0 0 0 0 0 0 0 0 0 0 0 0 0 0 0 
0 0 0 0 0 0 0 0 0 0 0 0 0 0 0 0 
0 0 0 0 0 0 0 0 0 0 0 0 0 0 0 0 
0 0 0 0 0 0 0 0 0 0 0 0 0 0 0 0 
0 0 0 0 0 0 0 0 0 0 0 0 0 0 0 0 
0 0 0 0 0 0 0 0 0 0 0 0 0 0 0 0 
0 0 0 0 0 0 0 0 0 0 0 0 0 0 0 0 
0 0 0 0 0 0 0 0 0 0 0 0 0 0 0 0 
0 0 0 0 0 0 0 0 0 0 0 0 0 0 0 0 
0 0 0 0 0 0 0 0 0 0 0 0 0 0 0 0 
0 0 0 0 0 0 0 0 0 0 0 0 0 0 0 0 
0 0 0 0 0 0 0 0 0 0 0 0 0 0 0 0 
0 0 0 0 0 0 0 0 0 0 0 0 0 0 0 0 
0 0 0 0 0 0 0 0 0 0 0 0 0 0 0 0 
0 0 0 0 0 0 0 0 0 0 0 0 0 0 0 0 
0 0 0 0 0 0 0 0 0 0 0 0 0 0 0 0 
GEMMINI: compute - PEs after matmul:
0 0 0 0 0 0 0 0 0 0 0 0 0 0 0 0 
0 0 0 0 0 0 0 0 0 0 0 0 0 0 0 0 
0 0 0 0 0 0 0 0 0 0 0 0 0 0 0 0 
0 0 0 0 0 0 0 0 0 0 0 0 0 0 0 0 
0 0 0 0 0 0 0 0 0 0 0 0 0 0 0 0 
0 0 0 0 0 0 0 0 0 0 0 0 0 0 0 0 
0 0 0 0 0 0 0 0 0 0 0 0 0 0 0 0 
0 0 0 0 0 0 0 0 0 0 0 0 0 0 0 0 
0 0 0 0 0 0 0 0 0 0 0 0 0 0 0 0 
0 0 0 0 0 0 0 0 0 0 0 0 0 0 0 0 
0 0 0 0 0 0 0 0 0 0 0 0 0 0 0 0 
0 0 0 0 0 0 0 0 0 0 0 0 0 0 0 0 
0 0 0 0 0 0 0 0 0 0 0 0 0 0 0 0 
0 0 0 0 0 0 0 0 0 0 0 0 0 0 0 0 
0 0 0 0 0 0 0 0 0 0 0 0 0 0 0 0 
0 0 0 0 0 0 0 0 0 0 0 0 0 0 0 0 
GEMMINI: compute - writing results to addr 0xe0000010, :
0 0 0 0 0 0 0 0 0 0 0 0 0 0 0 0 
0 0 0 0 0 0 0 0 0 0 0 0 0 0 0 0 
0 0 0 0 0 0 0 0 0 0 0 0 0 0 0 0 
0 0 0 0 0 0 0 0 0 0 0 0 0 0 0 0 
0 0 0 0 0 0 0 0 0 0 0 0 0 0 0 0 
0 0 0 0 0 0 0 0 0 0 0 0 0 0 0 0 
0 0 0 0 0 0 0 0 0 0 0 0 0 0 0 0 
0 0 0 0 0 0 0 0 0 0 0 0 0 0 0 0 
0 0 0 0 0 0 0 0 0 0 0 0 0 0 0 0 
0 0 0 0 0 0 0 0 0 0 0 0 0 0 0 0 
0 0 0 0 0 0 0 0 0 0 0 0 0 0 0 0 
0 0 0 0 0 0 0 0 0 0 0 0 0 0 0 0 
0 0 0 0 0 0 0 0 0 0 0 0 0 0 0 0 
0 0 0 0 0 0 0 0 0 0 0 0 0 0 0 0 
0 0 0 0 0 0 0 0 0 0 0 0 0 0 0 0 
0 0 0 0 0 0 0 0 0 0 0 0 0 0 0 0 
GEMMINI: mvout - 0x10 cols and 0x10 rows from 0x100010e0000010 to addr 0x30000400
0 0 0 0 0 0 0 0 0 0 0 0 0 0 0 0 
0 0 0 0 0 0 0 0 0 0 0 0 0 0 0 0 
0 0 0 0 0 0 0 0 0 0 0 0 0 0 0 0 
0 0 0 0 0 0 0 0 0 0 0 0 0 0 0 0 
0 0 0 0 0 0 0 0 0 0 0 0 0 0 0 0 
0 0 0 0 0 0 0 0 0 0 0 0 0 0 0 0 
0 0 0 0 0 0 0 0 0 0 0 0 0 0 0 0 
0 0 0 0 0 0 0 0 0 0 0 0 0 0 0 0 
0 0 0 0 0 0 0 0 0 0 0 0 0 0 0 0 
0 0 0 0 0 0 0 0 0 0 0 0 0 0 0 0 
0 0 0 0 0 0 0 0 0 0 0 0 0 0 0 0 
0 0 0 0 0 0 0 0 0 0 0 0 0 0 0 0 
0 0 0 0 0 0 0 0 0 0 0 0 0 0 0 0 
0 0 0 0 0 0 0 0 0 0 0 0 0 0 0 0 
0 0 0 0 0 0 0 0 0 0 0 0 0 0 0 0 
0 0 0 0 0 0 0 0 0 0 0 0 0 0 0 0 
GEMMINI: mvin - 0x10 cols and 0x10 rows from 0x20000000 to addr 0x00000010
0 0 0 0 0 0 0 0 0 0 0 0 0 0 0 0 
0 0 0 0 0 0 0 0 0 0 0 0 0 0 0 0 
0 0 0 0 0 0 0 0 0 0 0 0 0 0 0 0 
0 0 0 0 0 0 0 0 0 0 0 0 0 0 0 0 
0 0 0 0 0 0 0 0 0 0 0 0 0 0 0 0 
0 0 0 0 0 0 0 0 0 0 0 0 0 0 0 0 
0 0 0 0 0 0 0 0 0 0 0 0 0 0 0 0 
0 0 0 0 0 0 0 0 0 0 0 0 0 0 0 0 
0 0 0 0 0 0 0 0 0 0 0 0 0 0 0 0 
0 0 0 0 0 0 0 0 0 0 0 0 0 0 0 0 
0 0 0 0 0 0 0 0 0 0 0 0 0 0 0 0 
0 0 0 0 0 0 0 0 0 0 0 0 0 0 0 0 
0 0 0 0 0 0 0 0 0 0 0 0 0 0 0 0 
0 0 0 0 0 0 0 0 0 0 0 0 0 0 0 0 
0 0 0 0 0 0 0 0 0 0 0 0 0 0 0 0 
0 0 0 0 0 0 0 0 0 0 0 0 0 0 0 0 
GEMMINI: mvin - 0x10 cols and 0x10 rows from 0x10000400 to addr 0x00000000
0 0 0 0 0 0 0 0 0 0 0 0 0 0 0 0 
0 0 0 0 0 0 0 0 0 0 0 0 0 0 0 0 
0 0 0 0 0 0 0 0 0 0 0 0 0 0 0 0 
0 0 0 0 0 0 0 0 0 0 0 0 0 0 0 0 
0 0 0 0 0 0 0 0 0 0 0 0 0 0 0 0 
0 0 0 0 0 0 0 0 0 0 0 0 0 0 0 0 
0 0 0 0 0 0 0 0 0 0 0 0 0 0 0 0 
0 0 0 0 0 0 0 0 0 0 0 0 0 0 0 0 
0 0 0 0 0 0 0 0 0 0 0 0 0 0 0 0 
0 0 0 0 0 0 0 0 0 0 0 0 0 0 0 0 
0 0 0 0 0 0 0 0 0 0 0 0 0 0 0 0 
0 0 0 0 0 0 0 0 0 0 0 0 0 0 0 0 
0 0 0 0 0 0 0 0 0 0 0 0 0 0 0 0 
0 0 0 0 0 0 0 0 0 0 0 0 0 0 0 0 
0 0 0 0 0 0 0 0 0 0 0 0 0 0 0 0 
0 0 0 0 0 0 0 0 0 0 0 0 0 0 0 0 
GEMMINI: preload - scratchpad output addr = 0xa0000000, scratchpad preload addr = 0x00000010
GEMMINI: compute - preload = 1, scratchpad A addr = 0x00000000,scratchpad B addr 0xffffffff
GEMMINI: compute - PEs after preloading:
0 0 0 0 0 0 0 0 0 0 0 0 0 0 0 0 
0 0 0 0 0 0 0 0 0 0 0 0 0 0 0 0 
0 0 0 0 0 0 0 0 0 0 0 0 0 0 0 0 
0 0 0 0 0 0 0 0 0 0 0 0 0 0 0 0 
0 0 0 0 0 0 0 0 0 0 0 0 0 0 0 0 
0 0 0 0 0 0 0 0 0 0 0 0 0 0 0 0 
0 0 0 0 0 0 0 0 0 0 0 0 0 0 0 0 
0 0 0 0 0 0 0 0 0 0 0 0 0 0 0 0 
0 0 0 0 0 0 0 0 0 0 0 0 0 0 0 0 
0 0 0 0 0 0 0 0 0 0 0 0 0 0 0 0 
0 0 0 0 0 0 0 0 0 0 0 0 0 0 0 0 
0 0 0 0 0 0 0 0 0 0 0 0 0 0 0 0 
0 0 0 0 0 0 0 0 0 0 0 0 0 0 0 0 
0 0 0 0 0 0 0 0 0 0 0 0 0 0 0 0 
0 0 0 0 0 0 0 0 0 0 0 0 0 0 0 0 
0 0 0 0 0 0 0 0 0 0 0 0 0 0 0 0 
GEMMINI: compute - PEs after matmul:
0 0 0 0 0 0 0 0 0 0 0 0 0 0 0 0 
0 0 0 0 0 0 0 0 0 0 0 0 0 0 0 0 
0 0 0 0 0 0 0 0 0 0 0 0 0 0 0 0 
0 0 0 0 0 0 0 0 0 0 0 0 0 0 0 0 
0 0 0 0 0 0 0 0 0 0 0 0 0 0 0 0 
0 0 0 0 0 0 0 0 0 0 0 0 0 0 0 0 
0 0 0 0 0 0 0 0 0 0 0 0 0 0 0 0 
0 0 0 0 0 0 0 0 0 0 0 0 0 0 0 0 
0 0 0 0 0 0 0 0 0 0 0 0 0 0 0 0 
0 0 0 0 0 0 0 0 0 0 0 0 0 0 0 0 
0 0 0 0 0 0 0 0 0 0 0 0 0 0 0 0 
0 0 0 0 0 0 0 0 0 0 0 0 0 0 0 0 
0 0 0 0 0 0 0 0 0 0 0 0 0 0 0 0 
0 0 0 0 0 0 0 0 0 0 0 0 0 0 0 0 
0 0 0 0 0 0 0 0 0 0 0 0 0 0 0 0 
0 0 0 0 0 0 0 0 0 0 0 0 0 0 0 0 
GEMMINI: compute - writing results to addr 0xa0000000, :
0 0 0 0 0 0 0 0 0 0 0 0 0 0 0 0 
0 0 0 0 0 0 0 0 0 0 0 0 0 0 0 0 
0 0 0 0 0 0 0 0 0 0 0 0 0 0 0 0 
0 0 0 0 0 0 0 0 0 0 0 0 0 0 0 0 
0 0 0 0 0 0 0 0 0 0 0 0 0 0 0 0 
0 0 0 0 0 0 0 0 0 0 0 0 0 0 0 0 
0 0 0 0 0 0 0 0 0 0 0 0 0 0 0 0 
0 0 0 0 0 0 0 0 0 0 0 0 0 0 0 0 
0 0 0 0 0 0 0 0 0 0 0 0 0 0 0 0 
0 0 0 0 0 0 0 0 0 0 0 0 0 0 0 0 
0 0 0 0 0 0 0 0 0 0 0 0 0 0 0 0 
0 0 0 0 0 0 0 0 0 0 0 0 0 0 0 0 
0 0 0 0 0 0 0 0 0 0 0 0 0 0 0 0 
0 0 0 0 0 0 0 0 0 0 0 0 0 0 0 0 
0 0 0 0 0 0 0 0 0 0 0 0 0 0 0 0 
0 0 0 0 0 0 0 0 0 0 0 0 0 0 0 0 
GEMMINI: mvin - 0x10 cols and 0x10 rows from 0x20000100 to addr 0x00000010
0 0 0 0 0 0 0 0 0 0 0 0 0 0 0 0 
0 0 0 0 0 0 0 0 0 0 0 0 0 0 0 0 
0 0 0 0 0 0 0 0 0 0 0 0 0 0 0 0 
0 0 0 0 0 0 0 0 0 0 0 0 0 0 0 0 
0 0 0 0 0 0 0 0 0 0 0 0 0 0 0 0 
0 0 0 0 0 0 0MODE 0 PASS
 0 0 0 0 0 0 0 0 0 
0 0 0 0 0 0 0 0 0 0 0 0 0 0 0 0 
0 0 0 0 0 0 0 0 0 0 0 0 0 0 0 0 
0 0 0 0 0 0 0 0 0 0 0 0 0 0 0 0 
0 0 0 0 0 0 0 0 0 0 0 0 0 0 0 0 
0 0 0 0 0 0 0 0 0 0 0 0 0 0 0 0 
0 0 0 0 0 0 0 0 0 0 0 0 0 0 0 0 
0 0 0 0 0 0 0 0 0 0 0 0 0 0 0 0 
0 0 0 0 0 0 0 0 0 0 0 0 0 0 0 0 
0 0 0 0 0 0 0 0 0 0 0 0 0 0 0 0 
0 0 0 0 0 0 0 0 0 0 0 0 0 0 0 0 
GEMMINI: mvin - 0x10 cols and 0x10 rows from 0x10000410 to addr 0x00000000
0 0 0 0 0 0 0 0 0 0 0 0 0 0 0 0 
0 0 0 0 0 0 0 0 0 0 0 0 0 0 0 0 
0 0 0 0 0 0 0 0 0 0 0 0 0 0 0 0 
0 0 0 0 0 0 0 0 0 0 0 0 0 0 0 0 
0 0 0 0 0 0 0 0 0 0 0 0 0 0 0 0 
0 0 0 0 0 0 0 0 0 0 0 0 0 0 0 0 
0 0 0 0 0 0 0 0 0 0 0 0 0 0 0 0 
0 0 0 0 0 0 0 0 0 0 0 0 0 0 0 0 
0 0 0 0 0 0 0 0 0 0 0 0 0 0 0 0 
0 0 0 0 0 0 0 0 0 0 0 0 0 0 0 0 
0 0 0 0 0 0 0 0 0 0 0 0 0 0 0 0 
0 0 0 0 0 0 0 0 0 0 0 0 0 0 0 0 
0 0 0 0 0 0 0 0 0 0 0 0 0 0 0 0 
0 0 0 0 0 0 0 0 0 0 0 0 0 0 0 0 
0 0 0 0 0 0 0 0 0 0 0 0 0 0 0 0 
0 0 0 0 0 0 0 0 0 0 0 0 0 0 0 0 
GEMMINI: preload - scratchpad output addr = 0xe0000000, scratchpad preload addr = 0x00000010
GEMMINI: compute - preload = 1, scratchpad A addr = 0x00000000,scratchpad B addr 0xffffffff
GEMMINI: compute - PEs after preloading:
0 0 0 0 0 0 0 0 0 0 0 0 0 0 0 0 
0 0 0 0 0 0 0 0 0 0 0 0 0 0 0 0 
0 0 0 0 0 0 0 0 0 0 0 0 0 0 0 0 
0 0 0 0 0 0 0 0 0 0 0 0 0 0 0 0 
0 0 0 0 0 0 0 0 0 0 0 0 0 0 0 0 
0 0 0 0 0 0 0 0 0 0 0 0 0 0 0 0 
0 0 0 0 0 0 0 0 0 0 0 0 0 0 0 0 
0 0 0 0 0 0 0 0 0 0 0 0 0 0 0 0 
0 0 0 0 0 0 0 0 0 0 0 0 0 0 0 0 
0 0 0 0 0 0 0 0 0 0 0 0 0 0 0 0 
0 0 0 0 0 0 0 0 0 0 0 0 0 0 0 0 
0 0 0 0 0 0 0 0 0 0 0 0 0 0 0 0 
0 0 0 0 0 0 0 0 0 0 0 0 0 0 0 0 
0 0 0 0 0 0 0 0 0 0 0 0 0 0 0 0 
0 0 0 0 0 0 0 0 0 0 0 0 0 0 0 0 
0 0 0 0 0 0 0 0 0 0 0 0 0 0 0 0 
GEMMINI: compute - PEs after matmul:
0 0 0 0 0 0 0 0 0 0 0 0 0 0 0 0 
0 0 0 0 0 0 0 0 0 0 0 0 0 0 0 0 
0 0 0 0 0 0 0 0 0 0 0 0 0 0 0 0 
0 0 0 0 0 0 0 0 0 0 0 0 0 0 0 0 
0 0 0 0 0 0 0 0 0 0 0 0 0 0 0 0 
0 0 0 0 0 0 0 0 0 0 0 0 0 0 0 0 
0 0 0 0 0 0 0 0 0 0 0 0 0 0 0 0 
0 0 0 0 0 0 0 0 0 0 0 0 0 0 0 0 
0 0 0 0 0 0 0 0 0 0 0 0 0 0 0 0 
0 0 0 0 0 0 0 0 0 0 0 0 0 0 0 0 
0 0 0 0 0 0 0 0 0 0 0 0 0 0 0 0 
0 0 0 0 0 0 0 0 0 0 0 0 0 0 0 0 
0 0 0 0 0 0 0 0 0 0 0 0 0 0 0 0 
0 0 0 0 0 0 0 0 0 0 0 0 0 0 0 0 
0 0 0 0 0 0 0 0 0 0 0 0 0 0 0 0 
0 0 0 0 0 0 0 0 0 0 0 0 0 0 0 0 
GEMMINI: compute - writing results to addr 0xe0000000, :
0 0 0 0 0 0 0 0 0 0 0 0 0 0 0 0 
0 0 0 0 0 0 0 0 0 0 0 0 0 0 0 0 
0 0 0 0 0 0 0 0 0 0 0 0 0 0 0 0 
0 0 0 0 0 0 0 0 0 0 0 0 0 0 0 0 
0 0 0 0 0 0 0 0 0 0 0 0 0 0 0 0 
0 0 0 0 0 0 0 0 0 0 0 0 0 0 0 0 
0 0 0 0 0 0 0 0 0 0 0 0 0 0 0 0 
0 0 0 0 0 0 0 0 0 0 0 0 0 0 0 0 
0 0 0 0 0 0 0 0 0 0 0 0 0 0 0 0 
0 0 0 0 0 0 0 0 0 0 0 0 0 0 0 0 
0 0 0 0 0 0 0 0 0 0 0 0 0 0 0 0 
0 0 0 0 0 0 0 0 0 0 0 0 0 0 0 0 
0 0 0 0 0 0 0 0 0 0 0 0 0 0 0 0 
0 0 0 0 0 0 0 0 0 0 0 0 0 0 0 0 
0 0 0 0 0 0 0 0 0 0 0 0 0 0 0 0 
0 0 0 0 0 0 0 0 0 0 0 0 0 0 0 0 
GEMMINI: mvout - 0x10 cols and 0x10 rows from 0x100010e0000000 to addr 0x30000800
0 0 0 0 0 0 0 0 0 0 0 0 0 0 0 0 
0 0 0 0 0 0 0 0 0 0 0 0 0 0 0 0 
0 0 0 0 0 0 0 0 0 0 0 0 0 0 0 0 
0 0 0 0 0 0 0 0 0 0 0 0 0 0 0 0 
0 0 0 0 0 0 0 0 0 0 0 0 0 0 0 0 
0 0 0 0 0 0 0 0 0 0 0 0 0 0 0 0 
0 0 0 0 0 0 0 0 0 0 0 0 0 0 0 0 
0 0 0 0 0 0 0 0 0 0 0 0 0 0 0 0 
0 0 0 0 0 0 0 0 0 0 0 0 0 0 0 0 
0 0 0 0 0 0 0 0 0 0 0 0 0 0 0 0 
0 0 0 0 0 0 0 0 0 0 0 0 0 0 0 0 
0 0 0 0 0 0 0 0 0 0 0 0 0 0 0 0 
0 0 0 0 0 0 0 0 0 0 0 0 0 0 0 0 
0 0 0 0 0 0 0 0 0 0 0 0 0 0 0 0 
0 0 0 0 0 0 0 0 0 0 0 0 0 0 0 0 
0 0 0 0 0 0 0 0 0 0 0 0 0 0 0 0 
GEMMINI: flush
GEMMINI: config_ex - set dataflow mode from 1 to 1
GEMMINI: config_ex - set activation function from 0 to 0
GEMMINI: config_ex - set sys_shift from 0 to 0
GEMMINI: config_mvout - set store stride from 64 to 64
GEMMINI: config_mvout - no pooling
GEMMINI: config_mvin - set load stride from 32 to 32
GEMMINI: config_mvin - set load scale from 205849743500560 to 205849743500560
GEMMINI: config_mvin - set load stride from 16 to 16
GEMMINI: config_mvin - set load scale from 205849743500564 to 205849743500562
GEMMINI: mvin - 0x10 cols and 0x10 rows from 0x20000000 to addr 0x00000010
127 -128 127 -128 127 -128 127 -128 127 -128 127 -128 127 -128 127 -128 
127 -128 127 -128 127 -128 127 -128 127 -128 127 -128 127 -128 127 -128 
127 -128 127 -128 127 -128 127 -128 127 -128 127 -128 127 -128 127 -128 
127 -128 127 -128 127 -128 127 -128 127 -128 127 -128 127 -128 127 -128 
127 -128 127 -128 127 -128 127 -128 127 -128 127 -128 127 -128 127 -128 
127 -128 127 -128 127 -128 127 -128 127 -128 127 -128 127 -128 127 -128 
127 -128 127 -128 127 -128 127 -128 127 -128 127 -128 127 -128 127 -128 
127 -128 127 -128 127 -128 127 -128 127 -128 127 -128 127 -128 127 -128 
127 -128 127 -128 127 -128 127 -128 127 -128 127 -128 127 -128 127 -128 
127 -128 127 -128 127 -128 127 -128 127 -128 127 -128 127 -128 127 -128 
127 -128 127 -128 127 -128 127 -128 127 -128 127 -128 127 -128 127 -128 
127 -128 127 -128 127 -128 127 -128 127 -128 127 -128 127 -128 127 -128 
127 -128 127 -128 127 -128 127 -128 127 -128 127 -128 127 -128 127 -128 
127 -128 127 -128 127 -128 127 -128 127 -128 127 -128 127 -128 127 -128 
127 -128 127 -128 127 -128 127 -128 127 -128 127 -128 127 -128 127 -128 
127 -128 127 -128 127 -128 127 -128 127 -128 127 -128 127 -128 127 -128 
GEMMINI: mvin - 0x10 cols and 0x10 rows from 0x10000000 to addr 0x00000000
-128 127 -128 127 -128 127 -128 127 -128 127 -128 127 -128 127 -128 127 
-128 127 -128 127 -128 127 -128 127 -128 127 -128 127 -128 127 -128 127 
-128 127 -128 127 -128 127 -128 127 -128 127 -128 127 -128 127 -128 127 
-128 127 -128 127 -128 127 -128 127 -128 127 -128 127 -128 127 -128 127 
-128 127 -128 127 -128 127 -128 127 -128 127 -128 127 -128 127 -128 127 
-128 127 -128 127 -128 127 -128 127 -128 127 -128 127 -128 127 -128 127 
-128 127 -128 127 -128 127 -128 127 -128 127 -128 127 -128 127 -128 127 
-128 127 -128 127 -128 127 -128 127 -128 127 -128 127 -128 127 -128 127 
-128 127 -128 127 -128 127 -128 127 -128 127 -128 127 -128 127 -128 127 
-128 127 -128 127 -128 127 -128 127 -128 127 -128 127 -128 127 -128 127 
-128 127 -128 127 -128 127 -128 127 -128 127 -128 127 -128 127 -128 127 
-128 127 -128 127 -128 127 -128 127 -128 127 -128 127 -128 127 -128 127 
-128 127 -128 127 -128 127 -128 127 -128 127 -128 127 -128 127 -128 127 
-128 127 -128 127 -128 127 -128 127 -128 127 -128 127 -128 127 -128 127 
-128 127 -128 127 -128 127 -128 127 -128 127 -128 127 -128 127 -128 127 
-128 127 -128 127 -128 127 -128 127 -128 127 -128 127 -128 127 -128 127 
GEMMINI: preload - scratchpad output addr = 0xa0000000, scratchpad preload addr = 0x00000010
GEMMINI: compute - preload = 1, scratchpad A addr = 0x00000000,scratchpad B addr 0xffffffff
GEMMINI: compute - PEs after preloading:
127 -128 127 -128 127 -128 127 -128 127 -128 127 -128 127 -128 127 -128 
127 -128 127 -128 127 -128 127 -128 127 -128 127 -128 127 -128 127 -128 
127 -128 127 -128 127 -128 127 -128 127 -128 127 -128 127 -128 127 -128 
127 -128 127 -128 127 -128 127 -128 127 -128 127 -128 127 -128 127 -128 
127 -128 127 -128 127 -128 127 -128 127 -128 127 -128 127 -128 127 -128 
127 -128 127 -128 127 -128 127 -128 127 -128 127 -128 127 -128 127 -128 
127 -128 127 -128 127 -128 127 -128 127 -128 127 -128 127 -128 127 -128 
127 -128 127 -128 127 -128 127 -128 127 -128 127 -128 127 -128 127 -128 
127 -128 127 -128 127 -128 127 -128 127 -128 127 -128 127 -128 127 -128 
127 -128 127 -128 127 -128 127 -128 127 -128 127 -128 127 -128 127 -128 
127 -128 127 -128 127 -128 127 -128 127 -128 127 -128 127 -128 127 -128 
127 -128 127 -128 127 -128 127 -128 127 -128 127 -128 127 -128 127 -128 
127 -128 127 -128 127 -128 127 -128 127 -128 127 -128 127 -128 127 -128 
127 -128 127 -128 127 -128 127 -128 127 -128 127 -128 127 -128 127 -128 
127 -128 127 -128 127 -128 127 -128 127 -128 127 -128 127 -128 127 -128 
127 -128 127 -128 127 -128 127 -128 127 -128 127 -128 127 -128 127 -128 
GEMMINI: compute - PEs after matmul:
127 -128 127 -128 127 -128 127 -128 127 -128 127 -128 127 -128 127 -128 
127 -128 127 -128 127 -128 127 -128 127 -128 127 -128 127 -128 127 -128 
127 -128 127 -128 127 -128 127 -128 127 -128 127 -128 127 -128 127 -128 
127 -128 127 -128 127 -128 127 -128 127 -128 127 -128 127 -128 127 -128 
127 -128 127 -128 127 -128 127 -128 127 -128 127 -128 127 -128 127 -128 
127 -128 127 -128 127 -128 127 -128 127 -128 127 -128 127 -128 127 -128 
127 -128 127 -128 127 -128 127 -128 127 -128 127 -128 127 -128 127 -128 
127 -128 127 -128 127 -128 127 -128 127 -128 127 -128 127 -128 127 -128 
127 -128 127 -128 127 -128 127 -128 127 -128 127 -128 127 -128 127 -128 
127 -128 127 -128 127 -128 127 -128 127 -128 127 -128 127 -128 127 -128 
127 -128 127 -128 127 -128 127 -128 127 -128 127 -128 127 -128 127 -128 
127 -128 127 -128 127 -128 127 -128 127 -128 127 -128 127 -128 127 -128 
127 -128 127 -128 127 -128 127 -128 127 -128 127 -128 127 -128 127 -128 
127 -128 127 -128 127 -128 127 -128 127 -128 127 -128 127 -128 127 -128 
127 -128 127 -128 127 -128 127 -128 127 -128 127 -128 127 -128 127 -128 
127 -128 127 -128 127 -128 127 -128 127 -128 127 -128 127 -128 127 -128 
GEMMINI: compute - writing results to addr 0xa0000000, :
-1016 1024 -1016 1024 -1016 1024 -1016 1024 -1016 1024 -1016 1024 -1016 1024 -1016 1024 
-1016 1024 -1016 1024 -1016 1024 -1016 1024 -1016 1024 -1016 1024 -1016 1024 -1016 1024 
-1016 1024 -1016 1024 -1016 1024 -1016 1024 -1016 1024 -1016 1024 -1016 1024 -1016 1024 
-1016 1024 -1016 1024 -1016 1024 -1016 1024 -1016 1024 -1016 1024 -1016 1024 -1016 1024 
-1016 1024 -1016 1024 -1016 1024 -1016 1024 -1016 1024 -1016 1024 -1016 1024 -1016 1024 
-1016 1024 -1016 1024 -1016 1024 -1016 1024 -1016 1024 -1016 1024 -1016 1024 -1016 1024 
-1016 1024 -1016 1024 -1016 1024 -1016 1024 -1016 1024 -1016 1024 -1016 1024 -1016 1024 
-1016 1024 -1016 1024 -1016 1024 -1016 1024 -1016 1024 -1016 1024 -1016 1024 -1016 1024 
-1016 1024 -1016 1024 -1016 1024 -1016 1024 -1016 1024 -1016 1024 -1016 1024 -1016 1024 
-1016 1024 -1016 1024 -1016 1024 -1016 1024 -1016 1024 -1016 1024 -1016 1024 -1016 1024 
-1016 1024 -1016 1024 -1016 1024 -1016 1024 -1016 1024 -1016 1024 -1016 1024 -1016 1024 
-1016 1024 -1016 1024 -1016 1024 -1016 1024 -1016 1024 -1016 1024 -1016 1024 -1016 1024 
-1016 1024 -1016 1024 -1016 1024 -1016 1024 -1016 1024 -1016 1024 -1016 1024 -1016 1024 
-1016 1024 -1016 1024 -1016 1024 -1016 1024 -1016 1024 -1016 1024 -1016 1024 -1016 1024 
-1016 1024 -1016 1024 -1016 1024 -1016 1024 -1016 1024 -1016 1024 -1016 1024 -1016 1024 
-1016 1024 -1016 1024 -1016 1024 -1016 1024 -1016 1024 -1016 1024 -1016 1024 -1016 1024 
GEMMINI: mvin - 0x10 cols and 0x10 rows from 0x10000200 to addr 0x00000000
-128 127 -128 127 -128 127 -128 127 -128 127 -128 127 -128 127 -128 127 
-128 127 -128 127 -128 127 -128 127 -128 127 -128 127 -128 127 -128 127 
-128 127 -128 127 -128 127 -128 127 -128 127 -128 127 -128 127 -128 127 
-128 127 -128 127 -128 127 -128 127 -128 127 -128 127 -128 127 -128 127 
-128 127 -128 127 -128 127 -128 127 -128 127 -128 127 -128 127 -128 127 
-128 127 -128 127 -128 127 -128 127 -128 127 -128 127 -128 127 -128 127 
-128 127 -128 127 -128 127 -128 127 -128 127 -128 127 -128 127 -128 127 
-128 127 -128 127 -128 127 -128 127 -128 127 -128 127 -128 127 -128 127 
-128 127 -128 127 -128 127 -128 127 -128 127 -128 127 -128 127 -128 127 
-128 127 -128 127 -128 127 -128 127 -128 127 -128 127 -128 127 -128 127 
-128 127 -128 127 -128 127 -128 127 -128 127 -128 127 -128 127 -128 127 
-128 127 -128 127 -128 127 -128 127 -128 127 -128 127 -128 127 -128 127 
-128 127 -128 127 -128 127 -128 127 -128 127 -128 127 -128 127 -128 127 
-128 127 -128 127 -128 127 -128 127 -128 127 -128 127 -128 127 -128 127 
-128 127 -128 127 -128 127 -128 127 -128 127 -128 127 -128 127 -128 127 
-128 127 -128 127 -128 127 -128 127 -128 127 -128 127 -128 127 -128 127 
GEMMINI: preload - scratchpad output addr = 0xa0000010, scratchpad preload addr = 0x00000010
GEMMINI: compute - preload = 1, scratchpad A addr = 0x00000000,scratchpad B addr 0xffffffff
GEMMINI: compute - PEs after preloading:
127 -128 127 -128 127 -128 127 -128 127 -128 127 -128 127 -128 127 -128 
127 -128 127 -128 127 -128 127 -128 127 -128 127 -128 127 -128 127 -128 
127 -128 127 -128 127 -128 127 -128 127 -128 127 -128 127 -128 127 -128 
127 -128 127 -128 127 -128 127 -128 127 -128 127 -128 127 -128 127 -128 
127 -128 127 -128 127 -128 127 -128 127 -128 127 -128 127 -128 127 -128 
127 -128 127 -128 127 -128 127 -128 127 -128 127 -128 127 -128 127 -128 
127 -128 127 -128 127 -128 127 -128 127 -128 127 -128 127 -128 127 -128 
127 -128 127 -128 127 -128 127 -128 127 -128 127 -128 127 -128 127 -128 
127 -128 127 -128 127 -128 127 -128 127 -128 127 -128 127 -128 127 -128 
127 -128 127 -128 127 -128 127 -128 127 -128 127 -128 127 -128 127 -128 
127 -128 127 -128 127 -128 127 -128 127 -128 127 -128 127 -128 127 -128 
127 -128 127 -128 127 -128 127 -128 127 -128 127 -128 127 -128 127 -128 
127 -128 127 -128 127 -128 127 -128 127 -128 127 -128 127 -128 127 -128 
127 -128 127 -128 127 -128 127 -128 127 -128 127 -128 127 -128 127 -128 
127 -128 127 -128 127 -128 127 -128 127 -128 127 -128 127 -128 127 -128 
127 -128 127 -128 127 -128 127 -128 127 -128 127 -128 127 -128 127 -128 
GEMMINI: compute - PEs after matmul:
127 -128 127 -128 127 -128 127 -128 127 -128 127 -128 127 -128 127 -128 
127 -128 127 -128 127 -128 127 -128 127 -128 127 -128 127 -128 127 -128 
127 -128 127 -128 127 -128 127 -128 127 -128 127 -128 127 -128 127 -128 
127 -128 127 -128 127 -128 127 -128 127 -128 127 -128 127 -128 127 -128 
127 -128 127 -128 127 -128 127 -128 127 -128 127 -128 127 -128 127 -128 
127 -128 127 -128 127 -128 127 -128 127 -128 127 -128 127 -128 127 -128 
127 -128 127 -128 127 -128 127 -128 127 -128 127 -128 127 -128 127 -128 
127 -128 127 -128 127 -128 127 -128 127 -128 127 -128 127 -128 127 -128 
127 -128 127 -128 127 -128 127 -128 127 -128 127 -128 127 -128 127 -128 
127 -128 127 -128 127 -128 127 -128 127 -128 127 -128 127 -128 127 -128 
127 -128 127 -128 127 -128 127 -128 127 -128 127 -128 127 -128 127 -128 
127 -128 127 -128 127 -128 127 -128 127 -128 127 -128 127 -128 127 -128 
127 -128 127 -128 127 -128 127 -128 127 -128 127 -128 127 -128 127 -128 
127 -128 127 -128 127 -128 127 -128 127 -128 127 -128 127 -128 127 -128 
127 -128 127 -128 127 -128 127 -128 127 -128 127 -128 127 -128 127 -128 
127 -128 127 -128 127 -128 127 -128 127 -128 127 -128 127 -128 127 -128 
GEMMINI: compute - writing results to addr 0xa0000010, :
-1016 1024 -1016 1024 -1016 1024 -1016 1024 -1016 1024 -1016 1024 -1016 1024 -1016 1024 
-1016 1024 -1016 1024 -1016 1024 -1016 1024 -1016 1024 -1016 1024 -1016 1024 -1016 1024 
-1016 1024 -1016 1024 -1016 1024 -1016 1024 -1016 1024 -1016 1024 -1016 1024 -1016 1024 
-1016 1024 -1016 1024 -1016 1024 -1016 1024 -1016 1024 -1016 1024 -1016 1024 -1016 1024 
-1016 1024 -1016 1024 -1016 1024 -1016 1024 -1016 1024 -1016 1024 -1016 1024 -1016 1024 
-1016 1024 -1016 1024 -1016 1024 -1016 1024 -1016 1024 -1016 1024 -1016 1024 -1016 1024 
-1016 1024 -1016 1024 -1016 1024 -1016 1024 -1016 1024 -1016 1024 -1016 1024 -1016 1024 
-1016 1024 -1016 1024 -1016 1024 -1016 1024 -1016 1024 -1016 1024 -1016 1024 -1016 1024 
-1016 1024 -1016 1024 -1016 1024 -1016 1024 -1016 1024 -1016 1024 -1016 1024 -1016 1024 
-1016 1024 -1016 1024 -1016 1024 -1016 1024 -1016 1024 -1016 1024 -1016 1024 -1016 1024 
-1016 1024 -1016 1024 -1016 1024 -1016 1024 -1016 1024 -1016 1024 -1016 1024 -1016 1024 
-1016 1024 -1016 1024 -1016 1024 -1016 1024 -1016 1024 -1016 1024 -1016 1024 -1016 1024 
-1016 1024 -1016 1024 -1016 1024 -1016 1024 -1016 1024 -1016 1024 -1016 1024 -1016 1024 
-1016 1024 -1016 1024 -1016 1024 -1016 1024 -1016 1024 -1016 1024 -1016 1024 -1016 1024 
-1016 1024 -1016 1024 -1016 1024 -1016 1024 -1016 1024 -1016 1024 -1016 1024 -1016 1024 
-1016 1024 -1016 1024 -1016 1024 -1016 1024 -1016 1024 -1016 1024 -1016 1024 -1016 1024 
GEMMINI: mvin - 0x10 cols and 0x10 rows from 0x20000100 to addr 0x00000010
127 -128 127 -128 127 -128 127 -128 127 -128 127 -128 127 -128 127 -128 
127 -128 127 -128 127 -128 127 -128 127 -128 127 -128 127 -128 127 -128 
127 -128 127 -128 127 -128 127 -128 127 -128 127 -128 127 -128 127 -128 
127 -128 127 -128 127 -128 127 -128 127 -128 127 -128 127 -128 127 -128 
127 -128 127 -128 127 -128 127 -128 127 -128 127 -128 127 -128 127 -128 
127 -128 127 -128 127 -128 127 -128 127 -128 127 -128 127 -128 127 -128 
127 -128 127 -128 127 -128 127 -128 127 -128 127 -128 127 -128 127 -128 
127 -128 127 -128 127 -128 127 -128 127 -128 127 -128 127 -128 127 -128 
127 -128 127 -128 127 -128 127 -128 127 -128 127 -128 127 -128 127 -128 
127 -128 127 -128 127 -128 127 -128 127 -128 127 -128 127 -128 127 -128 
127 -128 127 -128 127 -128 127 -128 127 -128 127 -128 127 -128 127 -128 
127 -128 127 -128 127 -128 127 -128 127 -128 127 -128 127 -128 127 -128 
127 -128 127 -128 127 -128 127 -128 127 -128 127 -128 127 -128 127 -128 
127 -128 127 -128 127 -128 127 -128 127 -128 127 -128 127 -128 127 -128 
127 -128 127 -128 127 -128 127 -128 127 -128 127 -128 127 -128 127 -128 
127 -128 127 -128 127 -128 127 -128 127 -128 127 -128 127 -128 127 -128 
GEMMINI: mvin - 0x10 cols and 0x10 rows from 0x10000010 to addr 0x00000000
-128 127 -128 127 -128 127 -128 127 -128 127 -128 127 -128 127 -128 127 
-128 127 -128 127 -128 127 -128 127 -128 127 -128 127 -128 127 -128 127 
-128 127 -128 127 -128 127 -128 127 -128 127 -128 127 -128 127 -128 127 
-128 127 -128 127 -128 127 -128 127 -128 127 -128 127 -128 127 -128 127 
-128 127 -128 127 -128 127 -128 127 -128 127 -128 127 -128 127 -128 127 
-128 127 -128 127 -128 127 -128 127 -128 127 -128 127 -128 127 -128 127 
-128 127 -128 127 -128 127 -128 127 -128 127 -128 127 -128 127 -128 127 
-128 127 -128 127 -128 127 -128 127 -128 127 -128 127 -128 127 -128 127 
-128 127 -128 127 -128 127 -128 127 -128 127 -128 127 -128 127 -128 127 
-128 127 -128 127 -128 127 -128 127 -128 127 -128 127 -128 127 -128 127 
-128 127 -128 127 -128 127 -128 127 -128 127 -128 127 -128 127 -128 127 
-128 127 -128 127 -128 127 -128 127 -128 127 -128 127 -128 127 -128 127 
-128 127 -128 127 -128 127 -128 127 -128 127 -128 127 -128 127 -128 127 
-128 127 -128 127 -128 127 -128 127 -128 127 -128 127 -128 127 -128 127 
-128 127 -128 127 -128 127 -128 127 -128 127 -128 127 -128 127 -128 127 
-128 127 -128 127 -128 127 -128 127 -128 127 -128 127 -128 127 -128 127 
GEMMINI: preload - scratchpad output addr = 0xe0000000, scratchpad preload addr = 0x00000010
GEMMINI: compute - preload = 1, scratchpad A addr = 0x00000000,scratchpad B addr 0xffffffff
GEMMINI: compute - PEs after preloading:
127 -128 127 -128 127 -128 127 -128 127 -128 127 -128 127 -128 127 -128 
127 -128 127 -128 127 -128 127 -128 127 -128 127 -128 127 -128 127 -128 
127 -128 127 -128 127 -128 127 -128 127 -128 127 -128 127 -128 127 -128 
127 -128 127 -128 127 -128 127 -128 127 -128 127 -128 127 -128 127 -128 
127 -128 127 -128 127 -128 127 -128 127 -128 127 -128 127 -128 127 -128 
127 -128 127 -128 127 -128 127 -128 127 -128 127 -128 127 -128 127 -128 
127 -128 127 -128 127 -128 127 -128 127 -128 127 -128 127 -128 127 -128 
127 -128 127 -128 127 -128 127 -128 127 -128 127 -128 127 -128 127 -128 
127 -128 127 -128 127 -128 127 -128 127 -128 127 -128 127 -128 127 -128 
127 -128 127 -128 127 -128 127 -128 127 -128 127 -128 127 -128 127 -128 
127 -128 127 -128 127 -128 127 -128 127 -128 127 -128 127 -128 127 -128 
127 -128 127 -128 127 -128 127 -128 127 -128 127 -128 127 -128 127 -128 
127 -128 127 -128 127 -128 127 -128 127 -128 127 -128 127 -128 127 -128 
127 -128 127 -128 127 -128 127 -128 127 -128 127 -128 127 -128 127 -128 
127 -128 127 -128 127 -128 127 -128 127 -128 127 -128 127 -128 127 -128 
127 -128 127 -128 127 -128 127 -128 127 -128 127 -128 127 -128 127 -128 
GEMMINI: compute - PEs after matmul:
127 -128 127 -128 127 -128 127 -128 127 -128 127 -128 127 -128 127 -128 
127 -128 127 -128 127 -128 127 -128 127 -128 127 -128 127 -128 127 -128 
127 -128 127 -128 127 -128 127 -128 127 -128 127 -128 127 -128 127 -128 
127 -128 127 -128 127 -128 127 -128 127 -128 127 -128 127 -128 127 -128 
127 -128 127 -128 127 -128 127 -128 127 -128 127 -128 127 -128 127 -128 
127 -128 127 -128 127 -128 127 -128 127 -128 127 -128 127 -128 127 -128 
127 -128 127 -128 127 -128 127 -128 127 -128 127 -128 127 -128 127 -128 
127 -128 127 -128 127 -128 127 -128 127 -128 127 -128 127 -128 127 -128 
127 -128 127 -128 127 -128 127 -128 127 -128 127 -128 127 -128 127 -128 
127 -128 127 -128 127 -128 127 -128 127 -128 127 -128 127 -128 127 -128 
127 -128 127 -128 127 -128 127 -128 127 -128 127 -128 127 -128 127 -128 
127 -128 127 -128 127 -128 127 -128 127 -128 127 -128 127 -128 127 -128 
127 -128 127 -128 127 -128 127 -128 127 -128 127 -128 127 -128 127 -128 
127 -128 127 -128 127 -128 127 -128 127 -128 127 -128 127 -128 127 -128 
127 -128 127 -128 127 -128 127 -128 127 -128 127 -128 127 -128 127 -128 
127 -128 127 -128 127 -128 127 -128 127 -128 127 -128 127 -128 127 -128 
GEMMINI: compute - writing results to addr 0xe0000000, :
-2032 2048 -2032 2048 -2032 2048 -2032 2048 -2032 2048 -2032 2048 -2032 2048 -2032 2048 
-2032 2048 -2032 2048 -2032 2048 -2032 2048 -2032 2048 -2032 2048 -2032 2048 -2032 2048 
-2032 2048 -2032 2048 -2032 2048 -2032 2048 -2032 2048 -2032 2048 -2032 2048 -2032 2048 
-2032 2048 -2032 2048 -2032 2048 -2032 2048 -2032 2048 -2032 2048 -2032 2048 -2032 2048 
-2032 2048 -2032 2048 -2032 2048 -2032 2048 -2032 2048 -2032 2048 -2032 2048 -2032 2048 
-2032 2048 -2032 2048 -2032 2048 -2032 2048 -2032 2048 -2032 2048 -2032 2048 -2032 2048 
-2032 2048 -2032 2048 -2032 2048 -2032 2048 -2032 2048 -2032 2048 -2032 2048 -2032 2048 
-2032 2048 -2032 2048 -2032 2048 -2032 2048 -2032 2048 -2032 2048 -2032 2048 -2032 2048 
-2032 2048 -2032 2048 -2032 2048 -2032 2048 -2032 2048 -2032 2048 -2032 2048 -2032 2048 
-2032 2048 -2032 2048 -2032 2048 -2032 2048 -2032 2048 -2032 2048 -2032 2048 -2032 2048 
-2032 2048 -2032 2048 -2032 2048 -2032 2048 -2032 2048 -2032 2048 -2032 2048 -2032 2048 
-2032 2048 -2032 2048 -2032 2048 -2032 2048 -2032 2048 -2032 2048 -2032 2048 -2032 2048 
-2032 2048 -2032 2048 -2032 2048 -2032 2048 -2032 2048 -2032 2048 -2032 2048 -2032 2048 
-2032 2048 -2032 2048 -2032 2048 -2032 2048 -2032 2048 -2032 2048 -2032 2048 -2032 2048 
-2032 2048 -2032 2048 -2032 2048 -2032 2048 -2032 2048 -2032 2048 -2032 2048 -2032 2048 
-2032 2048 -2032 2048 -2032 2048 -2032 2048 -2032 2048 -2032 2048 -2032 2048 -2032 2048 
GEMMINI: mvout - 0x10 cols and 0x10 rows from 0x100010e0000000 to addr 0x30000000
-2032 2048 -2032 2048 -2032 2048 -2032 2048 -2032 2048 -2032 2048 -2032 2048 -2032 2048 
-2032 2048 -2032 2048 -2032 2048 -2032 2048 -2032 2048 -2032 2048 -2032 2048 -2032 2048 
-2032 2048 -2032 2048 -2032 2048 -2032 2048 -2032 2048 -2032 2048 -2032 2048 -2032 2048 
-2032 2048 -2032 2048 -2032 2048 -2032 2048 -2032 2048 -2032 2048 -2032 2048 -2032 2048 
-2032 2048 -2032 2048 -2032 2048 -2032 2048 -2032 2048 -2032 2048 -2032 2048 -2032 2048 
-2032 2048 -2032 2048 -2032 2048 -2032 2048 -2032 2048 -2032 2048 -2032 2048 -2032 2048 
-2032 2048 -2032 2048 -2032 2048 -2032 2048 -2032 2048 -2032 2048 -2032 2048 -2032 2048 
-2032 2048 -2032 2048 -2032 2048 -2032 2048 -2032 2048 -2032 2048 -2032 2048 -2032 2048 
-2032 2048 -2032 2048 -2032 2048 -2032 2048 -2032 2048 -2032 2048 -2032 2048 -2032 2048 
-2032 2048 -2032 2048 -2032 2048 -2032 2048 -2032 2048 -2032 2048 -2032 2048 -2032 2048 
-2032 2048 -2032 2048 -2032 2048 -2032 2048 -2032 2048 -2032 2048 -2032 2048 -2032 2048 
-2032 2048 -2032 2048 -2032 2048 -2032 2048 -2032 2048 -2032 2048 -2032 2048 -2032 2048 
-2032 2048 -2032 2048 -2032 2048 -2032 2048 -2032 2048 -2032 2048 -2032 2048 -2032 2048 
-2032 2048 -2032 2048 -2032 2048 -2032 2048 -2032 2048 -2032 2048 -2032 2048 -2032 2048 
-2032 2048 -2032 2048 -2032 2048 -2032 2048 -2032 2048 -2032 2048 -2032 2048 -2032 2048 
-2032 2048 -2032 2048 -2032 2048 -2032 2048 -2032 2048 -2032 2048 -2032 2048 -2032 2048 
GEMMINI: mvin - 0x10 cols and 0x10 rows from 0x10000210 to addr 0x00000000
-128 127 -128 127 -128 127 -128 127 -128 127 -128 127 -128 127 -128 127 
-128 127 -128 127 -128 127 -128 127 -128 127 -128 127 -128 127 -128 127 
-128 127 -128 127 -128 127 -128 127 -128 127 -128 127 -128 127 -128 127 
-128 127 -128 127 -128 127 -128 127 -128 127 -128 127 -128 127 -128 127 
-128 127 -128 127 -128 127 -128 127 -128 127 -128 127 -128 127 -128 127 
-128 127 -128 127 -128 127 -128 127 -128 127 -128 127 -128 127 -128 127 
-128 127 -128 127 -128 127 -128 127 -128 127 -128 127 -128 127 -128 127 
-128 127 -128 127 -128 127 -128 127 -128 127 -128 127 -128 127 -128 127 
-128 127 -128 127 -128 127 -128 127 -128 127 -128 127 -128 127 -128 127 
-128 127 -128 127 -128 127 -128 127 -128 127 -128 127 -128 127 -128 127 
-128 127 -128 127 -128 127 -128 127 -128 127 -128 127 -128 127 -128 127 
-128 127 -128 127 -128 127 -128 127 -128 127 -128 127 -128 127 -128 127 
-128 127 -128 127 -128 127 -128 127 -128 127 -128 127 -128 127 -128 127 
-128 127 -128 127 -128 127 -128 127 -128 127 -128 127 -128 127 -128 127 
-128 127 -128 127 -128 127 -128 127 -128 127 -128 127 -128 127 -128 127 
-128 127 -128 127 -128 127 -128 127 -128 127 -128 127 -128 127 -128 127 
GEMMINI: preload - scratchpad output addr = 0xe0000010, scratchpad preload addr = 0x00000010
GEMMINI: compute - preload = 1, scratchpad A addr = 0x00000000,scratchpad B addr 0xffffffff
GEMMINI: compute - PEs after preloading:
127 -128 127 -128 127 -128 127 -128 127 -128 127 -128 127 -128 127 -128 
127 -128 127 -128 127 -128 127 -128 127 -128 127 -128 127 -128 127 -128 
127 -128 127 -128 127 -128 127 -128 127 -128 127 -128 127 -128 127 -128 
127 -128 127 -128 127 -128 127 -128 127 -128 127 -128 127 -128 127 -128 
127 -128 127 -128 127 -128 127 -128 127 -128 127 -128 127 -128 127 -128 
127 -128 127 -128 127 -128 127 -128 127 -128 127 -128 127 -128 127 -128 
127 -128 127 -128 127 -128 127 -128 127 -128 127 -128 127 -128 127 -128 
127 -128 127 -128 127 -128 127 -128 127 -128 127 -128 127 -128 127 -128 
127 -128 127 -128 127 -128 127 -128 127 -128 127 -128 127 -128 127 -128 
127 -128 127 -128 127 -128 127 -128 127 -128 127 -128 127 -128 127 -128 
127 -128 127 -128 127 -128 127 -128 127 -128 127 -128 127 -128 127 -128 
127 -128 127 -128 127 -128 127 -128 127 -128 127 -128 127 -128 127 -128 
127 -128 127 -128 127 -128 127 -128 127 -128 127 -128 127 -128 127 -128 
127 -128 127 -128 127 -128 127 -128 127 -128 127 -128 127 -128 127 -128 
127 -128 127 -128 127 -128 127 -128 127 -128 127 -128 127 -128 127 -128 
127 -128 127 -128 127 -128 127 -128 127 -128 127 -128 127 -128 127 -128 
GEMMINI: compute - PEs after matmul:
127 -128 127 -128 127 -128 127 -128 127 -128 127 -128 127 -128 127 -128 
127 -128 127 -128 127 -128 127 -128 127 -128 127 -128 127 -128 127 -128 
127 -128 127 -128 127 -128 127 -128 127 -128 127 -128 127 -128 127 -128 
127 -128 127 -128 127 -128 127 -128 127 -128 127 -128 127 -128 127 -128 
127 -128 127 -128 127 -128 127 -128 127 -128 127 -128 127 -128 127 -128 
127 -128 127 -128 127 -128 127 -128 127 -128 127 -128 127 -128 127 -128 
127 -128 127 -128 127 -128 127 -128 127 -128 127 -128 127 -128 127 -128 
127 -128 127 -128 127 -128 127 -128 127 -128 127 -128 127 -128 127 -128 
127 -128 127 -128 127 -128 127 -128 127 -128 127 -128 127 -128 127 -128 
127 -128 127 -128 127 -128 127 -128 127 -128 127 -128 127 -128 127 -128 
127 -128 127 -128 127 -128 127 -128 127 -128 127 -128 127 -128 127 -128 
127 -128 127 -128 127 -128 127 -128 127 -128 127 -128 127 -128 127 -128 
127 -128 127 -128 127 -128 127 -128 127 -128 127 -128 127 -128 127 -128 
127 -128 127 -128 127 -128 127 -128 127 -128 127 -128 127 -128 127 -128 
127 -128 127 -128 127 -128 127 -128 127 -128 127 -128 127 -128 127 -128 
127 -128 127 -128 127 -128 127 -128 127 -128 127 -128 127 -128 127 -128 
GEMMINI: compute - writing results to addr 0xe0000010, :
-2032 2048 -2032 2048 -2032 2048 -2032 2048 -2032 2048 -2032 2048 -2032 2048 -2032 2048 
-2032 2048 -2032 2048 -2032 2048 -2032 2048 -2032 2048 -2032 2048 -2032 2048 -2032 2048 
-2032 2048 -2032 2048 -2032 2048 -2032 2048 -2032 2048 -2032 2048 -2032 2048 -2032 2048 
-2032 2048 -2032 2048 -2032 2048 -2032 2048 -2032 2048 -2032 2048 -2032 2048 -2032 2048 
-2032 2048 -2032 2048 -2032 2048 -2032 2048 -2032 2048 -2032 2048 -2032 2048 -2032 2048 
-2032 2048 -2032 2048 -2032 2048 -2032 2048 -2032 2048 -2032 2048 -2032 2048 -2032 2048 
-2032 2048 -2032 2048 -2032 2048 -2032 2048 -2032 2048 -2032 2048 -2032 2048 -2032 2048 
-2032 2048 -2032 2048 -2032 2048 -2032 2048 -2032 2048 -2032 2048 -2032 2048 -2032 2048 
-2032 2048 -2032 2048 -2032 2048 -2032 2048 -2032 2048 -2032 2048 -2032 2048 -2032 2048 
-2032 2048 -2032 2048 -2032 2048 -2032 2048 -2032 2048 -2032 2048 -2032 2048 -2032 2048 
-2032 2048 -2032 2048 -2032 2048 -2032 2048 -2032 2048 -2032 2048 -2032 2048 -2032 2048 
-2032 2048 -2032 2048 -2032 2048 -2032 2048 -2032 2048 -2032 2048 -2032 2048 -2032 2048 
-2032 2048 -2032 2048 -2032 2048 -2032 2048 -2032 2048 -2032 2048 -2032 2048 -2032 2048 
-2032 2048 -2032 2048 -2032 2048 -2032 2048 -2032 2048 -2032 2048 -2032 2048 -2032 2048 
-2032 2048 -2032 2048 -2032 2048 -2032 2048 -2032 2048 -2032 2048 -2032 2048 -2032 2048 
-2032 2048 -2032 2048 -2032 2048 -2032 2048 -2032 2048 -2032 2048 -2032 2048 -2032 2048 
GEMMINI: mvout - 0x10 cols and 0x10 rows from 0x100010e0000010 to addr 0x30000400
-2032 2048 -2032 2048 -2032 2048 -2032 2048 -2032 2048 -2032 2048 -2032 2048 -2032 2048 
-2032 2048 -2032 2048 -2032 2048 -2032 2048 -2032 2048 -2032 2048 -2032 2048 -2032 2048 
-2032 2048 -2032 2048 -2032 2048 -2032 2048 -2032 2048 -2032 2048 -2032 2048 -2032 2048 
-2032 2048 -2032 2048 -2032 2048 -2032 2048 -2032 2048 -2032 2048 -2032 2048 -2032 2048 
-2032 2048 -2032 2048 -2032 2048 -2032 2048 -2032 2048 -2032 2048 -2032 2048 -2032 2048 
-2032 2048 -2032 2048 -2032 2048 -2032 2048 -2032 2048 -2032 2048 -2032 2048 -2032 2048 
-2032 2048 -2032 2048 -2032 2048 -2032 2048 -2032 2048 -2032 2048 -2032 2048 -2032 2048 
-2032 2048 -2032 2048 -2032 2048 -2032 2048 -2032 2048 -2032 2048 -2032 2048 -2032 2048 
-2032 2048 -2032 2048 -2032 2048 -2032 2048 -2032 2048 -2032 2048 -2032 2048 -2032 2048 
-2032 2048 -2032 2048 -2032 2048 -2032 2048 -2032 2048 -2032 2048 -2032 2048 -2032 2048 
-2032 2048 -2032 2048 -2032 2048 -2032 2048 -2032 2048 -2032 2048 -2032 2048 -2032 2048 
-2032 2048 -2032 2048 -2032 2048 -2032 2048 -2032 2048 -2032 2048 -2032 2048 -2032 2048 
-2032 2048 -2032 2048 -2032 2048 -2032 2048 -2032 2048 -2032 2048 -2032 2048 -2032 2048 
-2032 2048 -2032 2048 -2032 2048 -2032 2048 -2032 2048 -2032 2048 -2032 2048 -2032 2048 
-2032 2048 -2032 2048 -2032 2048 -2032 2048 -2032 2048 -2032 2048 -2032 2048 -2032 2048 
-2032 2048 -2032 2048 -2032 2048 -2032 2048 -2032 2048 -2032 2048 -2032 2048 -2032 2048 
GEMMINI: mvin - 0x10 cols and 0x10 rows from 0x20000000 to addr 0x00000010
127 -128 127 -128 127 -128 127 -128 127 -128 127 -128 127 -128 127 -128 
127 -128 127 -128 127 -128 127 -128 127 -128 127 -128 127 -128 127 -128 
127 -128 127 -128 127 -128 127 -128 127 -128 127 -128 127 -128 127 -128 
127 -128 127 -128 127 -128 127 -128 127 -128 127 -128 127 -128 127 -128 
127 -128 127 -128 127 -128 127 -128 127 -128 127 -128 127 -128 127 -128 
127 -128 127 -128 127 -128 127 -128 127 -128 127 -128 127 -128 127 -128 
127 -128 127 -128 127 -128 127 -128 127 -128 127 -128 127 -128 127 -128 
127 -128 127 -128 127 -128 127 -128 127 -128 127 -128 127 -128 127 -128 
127 -128 127 -128 127 -128 127 -128 127 -128 127 -128 127 -128 127 -128 
127 -128 127 -128 127 -128 127 -128 127 -128 127 -128 127 -128 127 -128 
127 -128 127 -128 127 -128 127 -128 127 -128 127 -128 127 -128 127 -128 
127 -128 127 -128 127 -128 127 -128 127 -128 127 -128 127 -128 127 -128 
127 -128 127 -128 127 -128 127 -128 127 -128 127 -128 127 -128 127 -128 
127 -128 127 -128 127 -128 127 -128 127 -128 127 -128 127 -128 127 -128 
127 -128 127 -128 127 -128 127 -128 127 -128 127 -128 127 -128 127 -128 
127 -128 127 -128 127 -128 127 -128 127 -128 127 -128 127 -128 127 -128 
GEMMINI: mvin - 0x10 cols and 0x10 rows from 0x10000400 to addr 0x00000000
-128 127 -128 127 -128 127 -128 127 -128 127 -128 127 -128 127 -128 127 
-128 127 -128 127 -128 127 -128 127 -128 127 -128 127 -128 127 -128 127 
-128 127 -128 127 -128 127 -128 127 -128 127 -128 127 -128 127 -128 127 
-128 127 -128 127 -128 127 -128 127 -128 127 -128 127 -128 127 -128 127 
-128 127 -128 127 -128 127 -128 127 -128 127 -128 127 -128 127 -128 127 
-128 127 -128 127 -128 127 -128 127 -128 127 -128 127 -128 127 -128 127 
-128 127 -128 127 -128 127 -128 127 -128 127 -128 127 -128 127 -128 127 
-128 127 -128 127 -128 127 -128 127 -128 127 -128 127 -128 127 -128 127 
-128 127 -128 127 -128 127 -128 127 -128 127 -128 127 -128 127 -128 127 
-128 127 -128 127 -128 127 -128 127 -128 127 -128 127 -128 127 -128 127 
-128 127 -128 127 -128 127 -128 127 -128 127 -128 127 -128 127 -128 127 
-128 127 -128 127 -128 127 -128 127 -128 127 -128 127 -128 127 -128 127 
-128 127 -128 127 -128 127 -128 127 -128 127 -128 127 -128 127 -128 127 
-128 127 -128 127 -128 127 -128 127 -128 127 -128 127 -128 127 -128 127 
-128 127 -128 127 -128 127 -128 127 -128 127 -128 127 -128 127 -128 127 
-128 127 -128 127 -128 127 -128 127 -128 127 -128 127 -128 127 -128 127 
GEMMINI: preload - scratchpad output addr = 0xa0000000, scratchpad preload addr = 0x00000010
GEMMINI: compute - preload = 1, scratchpad A addr = 0x00000000,scratchpad B addr 0xffffffff
GEMMINI: compute - PEs after preloading:
127 -128 127 -128 127 -128 127 -128 127 -128 127 -128 127 -128 127 -128 
127 -128 127 -128 127 -128 127 -128 127 -128 127 -128 127 -128 127 -128 
127 -128 127 -128 127 -128 127 -128 127 -128 127 -128 127 -128 127 -128 
127 -128 127 -128 127 -128 127 -128 127 -128 127 -128 127 -128 127 -128 
127 -128 127 -128 127 -128 127 -128 127 -128 127 -128 127 -128 127 -128 
127 -128 127 -128 127 -128 127 -128 127 -128 127 -128 127 -128 127 -128 
127 -128 127 -128 127 -128 127 -128 127 -128 127 -128 127 -128 127 -128 
127 -128 127 -128 127 -128 127 -128 127 -128 127 -128 127 -128 127 -128 
127 -128 127 -128 127 -128 127 -128 127 -128 127 -128 127 -128 127 -128 
127 -128 127 -128 127 -128 127 -128 127 -128 127 -128 127 -128 127 -128 
127 -128 127 -128 127 -128 127 -128 127 -128 127 -128 127 -128 127 -128 
127 -128 127 -128 127 -128 127 -128 127 -128 127 -128 127 -128 127 -128 
127 -128 127 -128 127 -128 127 -128 127 -128 127 -128 127 -128 127 -128 
127 -128 127 -128 127 -128 127 -128 127 -128 127 -128 127 -128 127 -128 
127 -128 127 -128 127 -128 127 -128 127 -128 127 -128 127 -128 127 -128 
127 -128 127 -128 127 -128 127 -128 127 -128 127 -128 127 -128 127 -128 
GEMMINI: compute - PEs after matmul:
127 -128 127 -128 127 -128 127 -128 127 -128 127 -128 127 -128 127 -128 
127 -128 127 -128 127 -128 127 -128 127 -128 127 -128 127 -128 127 -128 
127 -128 127 -128 127 -128 127 -128 127 -128 127 -128 127 -128 127 -128 
127 -128 127 -128 127 -128 127 -128 127 -128 127 -128 127 -128 127 -128 
127 -128 127 -128 127 -128 127 -128 127 -128 127 -128 127 -128 127 -128 
127 -128 127 -128 127 -128 127 -128 127 -128 127 -128 127 -128 127 -128 
127 -128 127 -128 127 -128 127 -128 127 -128 127 -128 127 -128 127 -128 
127 -128 127 -128 127 -128 127 -128 127 -128 127 -128 127 -128 127 -128 
127 -128 127 -128 127 -128 127 -128 127 -128 127 -128 127 -128 127 -128 
127 -128 127 -128 127 -128 127 -128 127 -128 127 -128 127 -128 127 -128 
127 -128 127 -128 127 -128 127 -128 127 -128 127 -128 127 -128 127 -128 
127 -128 127 -128 127 -128 127 -128 127 -128 127 -128 127 -128 127 -128 
127 -128 127 -128 127 -128 127 -128 127 -128 127 -128 127 -128 127 -128 
127 -128 127 -128 127 -128 127 -128 127 -128 127 -128 127 -128 127 -128 
127 -128 127 -128 127 -128 127 -128 127 -128 127 -128 127 -128 127 -128 
127 -128 127 -128 127 -128 127 -128 127 -128 127 -128 127 -128 127 -128 
GEMMINI: compute - writing results to addr 0xa0000000, :
-1016 1024 -1016 1024 -1016 1024 -1016 1024 -1016 1024 -1016 1024 -1016 1024 -1016 1024 
-1016 1024 -1016 1024 -1016 1024 -1016 1024 -1016 1024 -1016 1024 -1016 1024 -1016 1024 
-1016 1024 -1016 1024 -1016 1024 -1016 1024 -1016 1024 -1016 1024 -1016 1024 -1016 1024 
-1016 1024 -1016 1024 -1016 1024 -1016 1024 -1016 1024 -1016 1024 -1016 1024 -1016 1024 
-1016 1024 -1016 1024 -1016 1024 -1016 1024 -1016 1024 -1016 1024 -1016 1024 -1016 1024 
-1016 1024 -1016 1024 -1016 1024 -1016 1024 -1016 1024 -1016 1024 -1016 1024 -1016 1024 
-1016 1024 -1016 1024 -1016 1024 -1016 1024 -1016 1024 -1016 1024 -1016 1024 -1016 1024 
-1016 1024 -1016 1024 -1016 1024 -1016 1024 -1016 1024 -1016 1024 -1016 1024 -1016 1024 
-1016 1024 -1016 1024 -1016 1024 -1016 1024 -1016 1024 -1016 1024 -1016 1024 -1016 1024 
-1016 1024 -1016 1024 -1016 1024 -1016 1024 -1016 1024 -1016 1024 -1016 1024 -1016 1024 
-1016 1024 -1016 1024 -1016 1024 -1016 1024 -1016 1024 -1016 1024 -1016 1024 -1016 1024 
-1016 1024 -1016 1024 -1016 1024 -1016 1024 -1016 1024 -1016 1024 -1016 1024 -1016 1024 
-1016 1024 -1016 1024 -1016 1024 -1016 1024 -1016 1024 -1016 1024 -1016 1024 -1016 1024 
-1016 1024 -1016 1024 -1016 1024 -1016 1024 -1016 1024 -1016 1024 -1016 1024 -1016 1024 
-1016 1024 -1016 1024 -1016 1024 -1016 1024 -1016 1024 -1016 1024 -1016 1024 -1016 1024 
-1016 1024 -1016 1024 -1016 1024 -1016 1024 -1016 1024 -1016 1024 -1016 1024 -1016 1024 
GEMMINI: mvin - 0x10 cols and 0x10 rows from 0x20000100 to addr 0x00000010
127 -128 127 -128 127 -128 127 -128 127 -128 127 -128 127 -128 127 -128 
127 -128 127 -128 127 -128 127 -128 127 -128 127 -128 127 -128 127 -128 
127 -128 127 -128 127 -128 127 -128 127 -128 127 -128 127 -128 127 -128 
127 -128 127 -128 127 -128 127 -128 127 -128 127 -128 127 -128 127 -128 
127 -128 127 -128 127 -128 127 -128 127 -128 127 -128 127 -128 127 -128 
127 -128 127 -128 127 -128 127 -128 127 -128 127 -128 127 -128 127 -128 
127 -128 127 -128 127 -128 127 -128 127 -128 127 -128 127 -128 127 -128 
127 -128 127 -128 127 -128 127 -128 127 -128 127 -128 127 -128 127 -128 
127 -128 127 -128 127 -128 127 -128 127 -128 127 -128 127 -128 127 -128 
127 -128 127 -128 127 -128 127 -128 127 -128 127 -128 127 -128 127 -128 
127 -128 127 -128 127 -128 127 -128 127 -128 127 -128 127 -128 127 -128 
127 -128 127 -128 127 -128 127 -128 127 -128 127 -128 127 -128 127 -128 
127 -128 127 -128 127 -128 127 -128 127 -128 127 -128 127 -128 127 -128 
127 -128 127 -128 127 -128 127 -128 127 -128 127 -128 127 -128 127 -128 
127 -128 127 -128 127 -128 127 -128 127 -128 127 -128 127 -128 127 -128 
127 -128 127 -128 127 -128 127 -128 127 -128 127 -128 127 -128 127 -128 
GEMMINI: mvin - 0x10 cols and 0x10 rows from 0x10000410 to addr 0x00000000
-128 127 -128 127 -128 127 -128 127 -128 127 -128 127 -128 127 -128 127 
-128 127 -128 127 -128 127 -128 127 -128 127 -128 127 -128 127 -128 127 
-128 127 -128 127 -128 127 -128 127 -128 127 -128 127 -128 127 -128 127 
-128 127 -128 127 -128 127 -128 127 -128 127 -128 127 -128 127 -128 127 
-128 127 -128 127 -128 127 -128 127 -128 127 -128 127 -128 127 -128 127 
-128 127 -128 127 -128 127 -128 127 -128 127 -128 127 -128 127 -128 127 
-128 127 -128 127 -128 127 -128 127 -128 127 -128 127 -128 127 -128 127 
-128 127 -128 127 -128 127 -128 127 -128 127 -128 127 -128 127 -128 127 
-128 127 -128 127 -128 127 -128 127 -128 127 -128 127 -128 127 -128 127 
-128 127 -128 127 -128 127 -128 127 -128 127 -128 127 -128 127 -128 127 
-128 127 -128 127 -128 127 -128 127 -128 127 -128 127 -128 127 -128 127 
-128 127 -128 127 -128 127 -128 127 -128 127 -128 127 -128 127 -128 127 
-128 127 -128 127 -128 127 -128 127 -128 127 -128 127 -128 127 -128 127 
-128 127 -128 127 -128 127 -128 127 -128 127 -128 127 -128 127 -128 127 
-128 127 -128 127 -128 127 -128 127 -128 127 -128 127 -128 127 -128 127 
-128 127 -128 127 -128 127 -128 127 -128 127 -128 127 -128 127 -128 127 
GEMMINI: preload - scratchpad output addr = 0xe0000000, scratchpad preload addr = 0x00000010
GEMMINI: compute - preload = 1, scratchpad A addr = 0x00000000,scratchpad B addr 0xffffffff
GEMMINI: compute - PEs after preloading:
127 -128 127 -128 127 -128 127 -128 127 -128 127 -128 127 -128 127 -128 
127 -128 127 -128 127 -128 127 -128 127 -128 127 -128 127 -128 127 -128 
127 -128 127 -128 127 -128 127 -128 127 -128 127 -128 127 -128 127 -128 
127 -128 127 -128 127 -128 127 -128 127 -128 127 -128 127 -128 127 -128 
127 -128 127 -128 127 -128 127 -128 127 -128 127 -128 127 -128 127 -128 
127 -128 127 -128 127 -128 127 -128 127 -128 127 -128 127 -128 127 -128 
127 -128 127 -128 127 -128 127 -128 127 -128 127 -128 127 -128 127 -128 
127 -128 127 -128 127 -128 127 -128 127 -128 127 -128 127 -128 127 -128 
127 -128 127 -128 127 -128 127 -128 127 -128 127 -128 127 -128 127 -128 
127 -128 127 -128 127 -128 127 -128 127 -128 127 -128 127 -128 127 -128 
127 -128 127 -128 127 -128 127 -128 127 -128 127 -128 127 -128 127 -128 
127 -128 127 -128 127 -128 127 -128 127 -128 127 -128 127 -128 127 -128 
127 -128 127 -128 127 -128 127 -128 127 -128 127 -128 127 -128 127 -128 
127 -128 127 -128 127 -128 127 -128 127 -128 127 -128 127 -128 127 -128 
127 -128 127 -128 127 -128 127 -128 127 -128 127 -128 127 -128 127 -128 
127 -128 127 -128 127 -128 127 -128 127 -128 127 -128 127 -128 127 -128 
GEMMINI: compute - PEs after matmul:
127 -128 127 -128 127 -128 127 -128 127 -128 127 -128 127 -128 127 -128 
127 -128 127 -128 127 -128 127 -128 127 -128 127 -128 127 -128 127 -128 
127 -128 127 -128 127 -128 127 -128 127 -128 127 -128 127 -128 127 -128 
127 -128 127 -128 127 -128 127 -128 127 -128 127 -128 127 -128 127 -128 
127 -128 127 -128 127 -128 127 -128 127 -128 127 -128 127 -128 127 -128 
127 -128 127 -128 127 -128 127 -128 127 -128 127 -128 127 -128 127 -128 
127 -128 127 -128 127 -128 127 -128 127 -128 127 -128 127 -128 127 -128 
127 -128 127 -128 127 -128 127 -128 127 -128 127 -128 127 -128 127 -128 
127 -128 127 -128 127 -128 127 -128 127 -128 127 -128 127 -128 127 -128 
127 -128 127 -128 127 -128 127 -128 127 -128 127 -128 127 -128 127 -128 
127 -128 127 -128 127 -128 127 -128 127 -128 127 -128 127 -128 127 -128 
127 -128 127 -128 127 -128 127 -128 127 -128 127 -128 127 -128 127 -128 
127 -128 127 -128 127 -128 127 -128 127 -128 127 -128 127 -128 127 -128 
127 -128 127 -128 127 -128 127 -128 127 -128 127 -128 127 -128 127 -128 
127 -128 127 -128 127 -128 127 -128 127 -128 127 -128 127 -128 127 -128 
127 -128 127 -128 127 -128 127 -128 127 -128 127 -128 127 -128 127 -128 
GEMMINI: compute - writing results to addr 0xe0000000, :
-2032 2048 -2032 2048 -2032 2048 -2032 2048 -2032 2048 -2032 2048 -2032 2048 -2032 2048 
-2032 2048 -2032 2048 -2032 2048 -2032 2048 -2032 2048 -2032 2048 -2032 2048 -2032 2048 
-2032 2048 -2032 2048 -2032 2048 -2032 2048 -2032 2048 -2032 2048 -2032 2048 -2032 2048 
-2032 2048 -2032 2048 -2032 2048 -2032 2048 -2032 2048 -2032 2048 -2032 2048 -2032 2048 
-2032 2048 -2032 2048 -2032 2048 -2032 2048 -2032 2048 -2032 2048 -2032 2048 -2032 2048 
-2032 2048 -2032 2048 -2032 2048 -2032 2048 -2032 2048 -2032 2048 -2032 2048 -2032 2048 
-2032 2048 -2032 2048 -2032 2048 -2032 2048 -2032 2048 -2032 2048 -2032 2048 -2032 2048 
-2032 2048 -2032 2048 -2032 2048 -2032 2048 -2032 2048 -2032 2048 -2032 2048 -2032 2048 
-2032 2048 -2032 2048 -2032 2048 -2032 2048 -2032 2048 -2032 2048 -2032 2048 -2032 2048 
-2032 2048 -2032 2048 -2032 2048 -2032 2048 -2032 2048 -2032 2048 -2032 2048 -2032 2048 
-2032 2048 -2032 2048 -2032 2048 -2032 2048 -2032 2048 -2032 2048 -2032 2048 -2032 2048 
-2032 2048 -2032 2048 -2032 2048 -2032 2048 -2032 2048 -2032 2048 -2032 2048 -2032 2048 
-2032 2048 -2032 2048 -2032 2048 -2032 2048 -2032 2048 -2032 2048 -2032 2048 -2032 2048 
-2032 2048 -2032 2048 -2032 2048 -2032 2048 -2032 2048 -2032 2048 -2032 2048 -2032 2048 
-2032 2048 -2032 2048 -2032 2048 -2032 2048 -2032 2048 -2032 2048 -2032 2048 -2032 2048 
-2032 2048 -2032 2048 -2032 2048 -2032 2048 -2032 2048 -2032 2048 -2032 2048 -2032 2048 
GEMMINI: mvout - 0x10 cols and 0x10 rows from 0x100010e0000000 to addr 0x30000800
-2032 2048 -2032 2048 -2032 2048 -2032 2048 -2032 2048 -2032 2048 -2032 2048 -2032 2048 
-2032 2048 -2032 2048 -2032 2048 -2032 2048 -2032 2048 -2032 2048 -2032 2048 -2032 2048 
-2032 2048 -2032 2048 -2032 2048 -2032 2048 -2032 2048 -2032 2048 -2032 2048 -2032 2048 
-2032 2048 -2032 2048 -2032 2048 -2032 2048 -2032 2048 -2032 2048 -2032 2048 -2032 2048 
-2032 2048 -2032 2048 -2032 2048 -2032 2048 -2032 2048 -2032 2048 -2032 2048 -2032 2048 
-2032 2048 -2032 2048 -2032 2048 -2032 2048 -2032 2048 -2032 2048 -2032 2048 -2032 2048 
-2032 2048 -2032 2048 -2032 2048 -2032 2048 -2032 2048 -2032 2048 -2032 2048 -2032 2048 
-2032 2048 -2032 2048 -2032 2048 -2032 2048 -2032 2048 -2032 2048 -2032 2048 -2032 2048 
-2032 2048 -2032 2048 -2032 2048 -2032 2048 -2032 2048 -2032 2048 -2032 2048 -2032 2048 
-2032 2048 -2032 2048 -2032 2048 -2032 2048 -2032 2048 -2032 2048 -2032 2048 -2032 2048 
-2032 2048 -2032 2048 -2032 2048 -2032 2048 -2032 2048 -2032 2048 -2032 2048 -2032 2048 
-2032 2048 -2032 2048 -2032 2048 -2032 2048 -2032 2048 -2032 2048 -2032 2048 -2032 2MODE 1 PASS
048 
-2032 2048 -2032 2048 -2032 2048 -2032 2048 -2032 2048 -2032 2048 -2032 2048 -2032 2048 
-2032 2048 -2032 2048 -2032 2048 -2032 2048 -2032 2048 -2032 2048 -2032 2048 -2032 2048 
-2032 2048 -2032 2048 -2032 2048 -2032 2048 -2032 2048 -2032 2048 -2032 2048 -2032 2048 
-2032 2048 -2032 2048 -2032 2048 -2032 2048 -2032 2048 -2032 2048 -2032 2048 -2032 2048 
GEMMINI: flush
GEMMINI: config_ex - set dataflow mode from 1 to 1
GEMMINI: config_ex - set activation function from 0 to 0
GEMMINI: config_ex - set sys_shift from 0 to 0
GEMMINI: config_mvout - set store stride from 64 to 64
GEMMINI: config_mvout - no pooling
GEMMINI: config_mvin - set load stride from 32 to 32
GEMMINI: config_mvin - set load scale from 205849743500560 to 205849743500560
GEMMINI: config_mvin - set load stride from 16 to 16
GEMMINI: config_mvin - set load scale from 205849743500564 to 205849743500562
GEMMINI: mvin - 0x10 cols and 0x10 rows from 0x20000000 to addr 0x00000010
90 86 -126 85 -44 -62 -88 16 115 -95 -10 -15 46 111 -26 19 
-121 92 103 48 -48 -38 121 20 31 -25 -118 -61 18 26 -110 105 
67 112 -16 6 -118 -44 2 -42 -11 112 -121 -127 -120 -74 -74 7 
-75 44 26 105 -102 -5 52 24 -3 55 -49 31 7 -19 33 15 
-60 -19 -90 -82 86 92 -68 94 -4 -8 -1 79 -57 42 98 100 
22 -51 18 -26 -42 -63 11 -21 123 46 118 -124 -67 -104 -55 -86 
19 -89 -99 -26 -16 -76 78 -62 -64 19 85 -14 -95 35 101 66 
-30 22 70 63 60 -127 117 -91 -46 -93 121 -116 -22 117 3 81 
105 117 -51 69 16 51 47 24 121 -104 -127 3 -49 -7 52 -71 
80 -32 -81 11 -124 -108 -21 93 59 110 -51 -51 72 -37 70 29 
-2 48 45 100 110 49 -41 121 95 95 124 26 10 5 73 -32 
-102 1 68 -29 102 83 -28 45 -20 103 108 -33 -115 34 11 37 
11 -82 -75 -37 -62 6 -65 -4 -87 64 61 -49 8 -98 28 -48 
-9 83 -2 95 -102 21 -40 42 30 102 77 92 114 -94 -55 -126 
-58 -55 94 66 -60 10 94 -70 -111 20 -67 -71 -126 28 35 -96 
-98 -84 -44 22 -40 50 64 111 9 68 105 -38 -81 -76 -7 76 
GEMMINI: mvin - 0x10 cols and 0x10 rows from 0x10000000 to addr 0x00000000
113 71 29 -108 -20 -119 -109 -57 68 -68 -40 -49 -53 60 -59 -90 
78 -40 54 19 -58 -126 73 76 25 -30 116 14 -87 74 79 57 
65 77 24 10 53 113 -34 20 -14 65 119 11 -22 5 55 -75 
-125 126 -70 17 -14 -80 -53 54 9 -77 -40 94 72 -59 -12 50 
77 67 20 -64 -75 -106 -121 -53 -107 15 -113 -98 121 -30 -1 -56 
-43 116 31 -82 54 123 -118 -21 -50 45 -107 99 54 -75 -49 -114 
84 -23 -46 115 45 -73 77 -83 -21 -27 -31 71 55 -108 -36 -99 
2 123 38 -87 82 -94 71 43 38 16 108 -32 53 -39 -97 12 
23 1 18 -26 93 -107 -15 122 -74 -124 45 -57 -26 -36 -113 -11 
-53 83 -113 -61 6 -25 -62 -75 -46 27 28 -108 3 -13 37 110 
86 73 -108 -40 4 -16 51 -14 -77 -84 50 -34 68 119 -40 -113 
-16 -68 26 -68 17 8 -69 74 -110 16 103 62 97 -63 33 114 
-47 -126 24 8 -28 -121 -46 -43 -91 29 -79 75 17 40 119 45 
48 117 -122 83 52 -58 -15 -86 37 -83 11 -97 14 4 82 -40 
71 108 93 55 -69 27 -113 -30 74 -106 106 -48 15 -83 43 -115 
77 63 -108 74 47 -32 37 -107 77 -78 -55 118 -53 124 122 98 
GEMMINI: preload - scratchpad output addr = 0xa0000000, scratchpad preload addr = 0x00000010
GEMMINI: compute - preload = 1, scratchpad A addr = 0x00000000,scratchpad B addr 0xffffffff
GEMMINI: compute - PEs after preloading:
90 86 -126 85 -44 -62 -88 16 115 -95 -10 -15 46 111 -26 19 
-121 92 103 48 -48 -38 121 20 31 -25 -118 -61 18 26 -110 105 
67 112 -16 6 -118 -44 2 -42 -11 112 -121 -127 -120 -74 -74 7 
-75 44 26 105 -102 -5 52 24 -3 55 -49 31 7 -19 33 15 
-60 -19 -90 -82 86 92 -68 94 -4 -8 -1 79 -57 42 98 100 
22 -51 18 -26 -42 -63 11 -21 123 46 118 -124 -67 -104 -55 -86 
19 -89 -99 -26 -16 -76 78 -62 -64 19 85 -14 -95 35 101 66 
-30 22 70 63 60 -127 117 -91 -46 -93 121 -116 -22 117 3 81 
105 117 -51 69 16 51 47 24 121 -104 -127 3 -49 -7 52 -71 
80 -32 -81 11 -124 -108 -21 93 59 110 -51 -51 72 -37 70 29 
-2 48 45 100 110 49 -41 121 95 95 124 26 10 5 73 -32 
-102 1 68 -29 102 83 -28 45 -20 103 108 -33 -115 34 11 37 
11 -82 -75 -37 -62 6 -65 -4 -87 64 61 -49 8 -98 28 -48 
-9 83 -2 95 -102 21 -40 42 30 102 77 92 114 -94 -55 -126 
-58 -55 94 66 -60 10 94 -70 -111 20 -67 -71 -126 28 35 -96 
-98 -84 -44 22 -40 50 64 111 9 68 105 -38 -81 -76 -7 76 
GEMMINI: compute - PEs after matmul:
90 86 -126 85 -44 -62 -88 16 115 -95 -10 -15 46 111 -26 19 
-121 92 103 48 -48 -38 121 20 31 -25 -118 -61 18 26 -110 105 
67 112 -16 6 -118 -44 2 -42 -11 112 -121 -127 -120 -74 -74 7 
-75 44 26 105 -102 -5 52 24 -3 55 -49 31 7 -19 33 15 
-60 -19 -90 -82 86 92 -68 94 -4 -8 -1 79 -57 42 98 100 
22 -51 18 -26 -42 -63 11 -21 123 46 118 -124 -67 -104 -55 -86 
19 -89 -99 -26 -16 -76 78 -62 -64 19 85 -14 -95 35 101 66 
-30 22 70 63 60 -127 117 -91 -46 -93 121 -116 -22 117 3 81 
105 117 -51 69 16 51 47 24 121 -104 -127 3 -49 -7 52 -71 
80 -32 -81 11 -124 -108 -21 93 59 110 -51 -51 72 -37 70 29 
-2 48 45 100 110 49 -41 121 95 95 124 26 10 5 73 -32 
-102 1 68 -29 102 83 -28 45 -20 103 108 -33 -115 34 11 37 
11 -82 -75 -37 -62 6 -65 -4 -87 64 61 -49 8 -98 28 -48 
-9 83 -2 95 -102 21 -40 42 30 102 77 92 114 -94 -55 -126 
-58 -55 94 66 -60 10 94 -70 -111 20 -67 -71 -126 28 35 -96 
-98 -84 -44 22 -40 50 64 111 9 68 105 -38 -81 -76 -7 76 
GEMMINI: compute - writing results to addr 0xa0000000, :
27740 57936 -4561 8976 5244 11377 -24656 -2883 23788 -45257 -57439 28232 41109 20263 -33955 -8917 
642 26225 5349 47257 3008 -2352 16962 1117 -2827 3668 12400 3660 -11004 26817 11532 -284 
1694 19997 13309 19874 -2370 -14478 -4118 13435 33021 13552 1571 -20222 -1406 6463 -1812 -6480 
-53612 -8649 40897 -10117 27376 23069 30046 -1327 -34012 -9551 501 -3294 -10841 6589 -9349 27792 
13756 2470 -5826 -12427 -33818 -15637 -21972 -19449 -24309 -19111 -49605 -1985 44611 -1050 -35310 -1151 
-8076 -1130 19636 -43783 4886 -5719 -14454 -8015 3912 2340 -20791 -30037 -3306 -9038 -31548 10523 
105 -6983 -24270 -14942 12400 9514 -21967 -2678 -14580 -12134 -15428 22559 -2095 27094 25947 20948 
1141 15609 -17637 -3528 24114 -1451 1901 20475 7010 -8362 -2522 504 2348 16435 12019 42087 
-11070 14347 -179 -7862 45352 3317 -6935 -5322 -12858 -34805 16720 18731 11863 37521 -1544 41577 
-22133 -24843 7861 -3988 -1538 14534 7005 24849 -698 -2076 -5377 15961 22930 -12902 -4249 4044 
-2898 8187 -2763 7258 10678 -2246 -22264 -4921 1091 -14766 27020 31168 44695 14534 -9071 -10882 
-18997 -33624 7555 -10554 22288 7822 -12948 16045 -18889 31996 55833 -26027 -21490 -6574 8346 10220 
-14754 -26434 6342 -9150 -14868 19573 -11078 -4808 -50836 32008 -2070 10422 -9046 -9449 7188 -14003 
-19938 11743 6999 19842 -2206 20358 8424 5153 -181 -33655 -40278 34907 20726 16607 3334 -5243 
12577 54475 32364 31356 -1304 935 4260 -13344 26661 -22263 -53846 -18582 -2169 8169 -27610 -21571 
-41550 7349 3303 25448 -6554 42187 11731 22344 3005 591 -3833 31091 -16649 6439 2391 -9288 
GEMMINI: mvin - 0x10 cols and 0x10 rows from 0x10000200 to addr 0x00000000
121 -57 36 36 73 108 42 -38 100 -39 29 43 -4 -57 -75 111 
5 -38 4 95 -62 24 23 -54 -57 -31 96 -123 89 -24 87 -50 
39 82 45 -111 80 58 99 125 -80 -92 -118 28 -103 54 -43 -107 
24 6 -106 83 -84 44 -122 10 86 -8 -111 -118 117 9 -86 -35 
17 -50 55 60 -114 69 -7 -118 -15 -73 112 101 -90 -70 75 -67 
72 -125 9 -27 -82 -35 52 21 -71 -72 29 70 -30 -97 50 79 
-10 -5 3 -26 -60 76 -82 -62 -27 -44 -112 -60 -30 18 -41 -88 
83 16 30 -42 -120 -22 -33 -86 -81 -31 -63 120 94 106 -80 -29 
-105 -103 81 79 -78 16 64 -27 77 -71 -87 -6 14 -1 56 22 
-6 110 -107 -25 -6 21 72 -117 -7 51 64 -30 -86 42 -28 90 
-76 103 -31 54 24 81 111 -77 -23 39 125 -57 -22 65 47 -57 
-3 92 45 -43 -61 28 46 118 87 109 88 66 -122 -98 -114 116 
13 38 114 92 -75 -50 -3 -20 121 -35 -54 -21 54 -104 123 122 
28 -100 -88 99 -92 -64 83 44 -120 80 -54 89 -78 -121 110 -15 
97 -106 -58 -127 74 72 -88 79 -68 -99 81 37 -78 -61 -34 -16 
22 -20 -60 79 93 -64 117 108 77 -100 86 -25 -19 -92 67 -112 
GEMMINI: preload - scratchpad output addr = 0xa0000010, scratchpad preload addr = 0x00000010
GEMMINI: compute - preload = 1, scratchpad A addr = 0x00000000,scratchpad B addr 0xffffffff
GEMMINI: compute - PEs after preloading:
90 86 -126 85 -44 -62 -88 16 115 -95 -10 -15 46 111 -26 19 
-121 92 103 48 -48 -38 121 20 31 -25 -118 -61 18 26 -110 105 
67 112 -16 6 -118 -44 2 -42 -11 112 -121 -127 -120 -74 -74 7 
-75 44 26 105 -102 -5 52 24 -3 55 -49 31 7 -19 33 15 
-60 -19 -90 -82 86 92 -68 94 -4 -8 -1 79 -57 42 98 100 
22 -51 18 -26 -42 -63 11 -21 123 46 118 -124 -67 -104 -55 -86 
19 -89 -99 -26 -16 -76 78 -62 -64 19 85 -14 -95 35 101 66 
-30 22 70 63 60 -127 117 -91 -46 -93 121 -116 -22 117 3 81 
105 117 -51 69 16 51 47 24 121 -104 -127 3 -49 -7 52 -71 
80 -32 -81 11 -124 -108 -21 93 59 110 -51 -51 72 -37 70 29 
-2 48 45 100 110 49 -41 121 95 95 124 26 10 5 73 -32 
-102 1 68 -29 102 83 -28 45 -20 103 108 -33 -115 34 11 37 
11 -82 -75 -37 -62 6 -65 -4 -87 64 61 -49 8 -98 28 -48 
-9 83 -2 95 -102 21 -40 42 30 102 77 92 114 -94 -55 -126 
-58 -55 94 66 -60 10 94 -70 -111 20 -67 -71 -126 28 35 -96 
-98 -84 -44 22 -40 50 64 111 9 68 105 -38 -81 -76 -7 76 
GEMMINI: compute - PEs after matmul:
90 86 -126 85 -44 -62 -88 16 115 -95 -10 -15 46 111 -26 19 
-121 92 103 48 -48 -38 121 20 31 -25 -118 -61 18 26 -110 105 
67 112 -16 6 -118 -44 2 -42 -11 112 -121 -127 -120 -74 -74 7 
-75 44 26 105 -102 -5 52 24 -3 55 -49 31 7 -19 33 15 
-60 -19 -90 -82 86 92 -68 94 -4 -8 -1 79 -57 42 98 100 
22 -51 18 -26 -42 -63 11 -21 123 46 118 -124 -67 -104 -55 -86 
19 -89 -99 -26 -16 -76 78 -62 -64 19 85 -14 -95 35 101 66 
-30 22 70 63 60 -127 117 -91 -46 -93 121 -116 -22 117 3 81 
105 117 -51 69 16 51 47 24 121 -104 -127 3 -49 -7 52 -71 
80 -32 -81 11 -124 -108 -21 93 59 110 -51 -51 72 -37 70 29 
-2 48 45 100 110 49 -41 121 95 95 124 26 10 5 73 -32 
-102 1 68 -29 102 83 -28 45 -20 103 108 -33 -115 34 11 37 
11 -82 -75 -37 -62 6 -65 -4 -87 64 61 -49 8 -98 28 -48 
-9 83 -2 95 -102 21 -40 42 30 102 77 92 114 -94 -55 -126 
-58 -55 94 66 -60 10 94 -70 -111 20 -67 -71 -126 28 35 -96 
-98 -84 -44 22 -40 50 64 111 9 68 105 -38 -81 -76 -7 76 
GEMMINI: compute - writing results to addr 0xa0000010, :
14310 4090 -41433 -386 8416 12327 -14827 25006 43352 -2870 20615 -7916 -32513 -4977 11671 10254 
9434 -12786 2942 17022 -23850 -8287 -2501 -12586 -12436 13764 -2448 -133 7390 -15533 9382 -31437 
-7484 12744 9128 -22296 18462 -29518 14224 -43182 -10894 -33882 12997 -13907 -11195 36930 -27519 29632 
21769 8521 -9516 8201 -27312 -11667 -5656 -10594 18030 -38506 -23178 7970 51026 -19050 -19118 -26143 
2445 11467 32797 12566 11706 15189 -5337 -6910 13739 22639 -2998 -7658 -28901 -1246 -5239 -31047 
-1771 -25829 -535 -2944 23086 1686 -531 -14908 -20507 -2124 36668 -12840 -32052 22202 9372 7325 
17929 7484 8620 -16261 -15194 -7099 -12134 -24534 8034 -17575 -25475 4056 24431 -15511 -34767 -25629 
3826 11106 -4270 -5591 -20526 3542 -35869 -2159 -2715 24729 13250 4021 26125 -19495 -37121 -17499 
7523 -10642 3210 -2900 -23228 5403 23007 -31553 -27253 9763 -14588 -9692 -35868 -27620 3402 -27411 
-15687 -8310 -4412 6858 -2738 7904 8744 36203 28855 11392 7997 22358 17481 -8700 1547 10363 
-12367 -2910 13213 13989 -14258 -4798 14976 12958 11604 31919 4168 8658 4479 -17931 11484 -12836 
2179 18964 6424 14748 18762 -26608 36002 22029 42827 -1760 13651 -39778 -19853 16690 -833 47933 
-4152 7823 2749 21638 -37540 2324 39686 -13088 -16102 -4377 -54107 -35648 -46782 -10028 -4529 718 
-14181 -41239 12499 209 2418 -23565 19274 -24038 -39948 -131 13292 -9004 -14778 39858 27893 19398 
4532 -5318 4492 -15460 67716 11503 -32127 1512 20918 -31639 54148 4388 -3034 35943 -173 4413 
-3378 6225 3815 14104 45872 1511 21304 -21709 -15832 -45763 -310 12434 -23347 55793 44114 15873 
GEMMINI: mvin - 0x10 cols and 0x10 rows from 0x20000100 to addr 0x00000010
104 88 31 48 44 -106 45 -53 77 -79 -13 113 48 -41 -39 106 
-55 -26 -66 -95 -40 2 -108 18 -27 -40 -72 -15 -4 -81 18 -101 
41 51 -15 62 -78 1 -93 71 23 -15 -41 -114 -54 39 -77 68 
-82 -40 -75 -104 82 -35 75 44 -22 -6 48 59 17 -21 -116 -122 
65 50 -53 3 14 -93 57 69 37 -85 98 -86 8 101 44 70 
-121 91 -80 -110 -3 28 -35 -44 80 -126 -53 78 -90 -64 -32 38 
-25 46 -91 24 -9 -44 102 -34 -79 -72 -117 90 -94 -25 -71 -119 
-118 69 -88 40 -109 22 -61 36 79 72 -127 -61 115 -122 -122 -109 
85 -3 120 21 39 -20 -94 41 -15 -18 75 57 80 7 -44 37 
-16 112 -108 -14 -54 34 116 50 30 37 73 49 48 -106 -12 -28 
-62 121 60 -110 84 68 102 64 30 39 -102 -35 -54 28 -11 50 
-15 -77 109 -120 92 -101 104 22 -9 -17 28 49 -108 70 -91 50 
102 121 -25 38 56 50 41 57 112 57 110 -33 -57 126 -109 -56 
-58 -26 42 -127 -1 -42 24 -22 17 -128 -15 91 89 -16 14 -107 
120 -43 116 106 -119 16 100 44 31 -2 -63 -41 1 -122 38 -2 
-91 -31 -61 118 109 44 -4 -60 -93 -81 -64 71 54 -21 -87 36 
GEMMINI: mvin - 0x10 cols and 0x10 rows from 0x10000010 to addr 0x00000000
104 25 -88 -26 -54 -92 -30 59 105 -67 65 -119 65 -38 30 -36 
73 32 -58 -82 119 109 -72 -66 89 37 81 84 122 52 40 -31 
-35 120 -87 58 22 89 42 -112 107 -78 68 -88 -14 -26 -53 90 
92 -8 72 34 95 -64 -81 -55 -43 62 17 30 98 74 -128 96 
-3 120 -100 -3 10 -5 -64 -128 -48 -96 -79 78 -125 -73 -66 11 
-6 -47 -100 100 -49 96 -44 -50 -107 -80 27 -48 11 -123 -2 115 
-118 -39 65 -17 102 73 100 -53 90 71 71 59 -77 13 -73 -81 
-28 106 -126 53 -121 13 -25 -113 88 59 46 40 51 -91 98 -40 
66 91 87 -49 -22 4 -43 49 -57 102 -57 47 67 -89 118 6 
-38 -124 -71 85 71 -121 -89 -54 -33 -97 11 -25 -101 106 107 80 
-26 -66 -97 94 86 -20 -44 113 -41 -66 -15 -23 -13 70 -70 -49 
-100 -33 2 -125 -50 -115 -43 64 -23 -100 114 -51 3 -109 -37 -102 
53 -63 -39 92 105 -63 33 76 76 15 -123 43 -125 -86 68 -53 
-23 59 29 -127 -35 -32 49 -80 56 -15 34 -102 43 -30 112 120 
-15 37 -59 -119 -28 67 124 -126 -28 25 66 -77 -78 -110 -44 -70 
-125 87 -55 13 52 64 122 -37 -118 95 -35 13 -46 20 -22 -88 
GEMMINI: preload - scratchpad output addr = 0xe0000000, scratchpad preload addr = 0x00000010
GEMMINI: compute - preload = 1, scratchpad A addr = 0x00000000,scratchpad B addr 0xffffffff
GEMMINI: compute - PEs after preloading:
104 88 31 48 44 -106 45 -53 77 -79 -13 113 48 -41 -39 106 
-55 -26 -66 -95 -40 2 -108 18 -27 -40 -72 -15 -4 -81 18 -101 
41 51 -15 62 -78 1 -93 71 23 -15 -41 -114 -54 39 -77 68 
-82 -40 -75 -104 82 -35 75 44 -22 -6 48 59 17 -21 -116 -122 
65 50 -53 3 14 -93 57 69 37 -85 98 -86 8 101 44 70 
-121 91 -80 -110 -3 28 -35 -44 80 -126 -53 78 -90 -64 -32 38 
-25 46 -91 24 -9 -44 102 -34 -79 -72 -117 90 -94 -25 -71 -119 
-118 69 -88 40 -109 22 -61 36 79 72 -127 -61 115 -122 -122 -109 
85 -3 120 21 39 -20 -94 41 -15 -18 75 57 80 7 -44 37 
-16 112 -108 -14 -54 34 116 50 30 37 73 49 48 -106 -12 -28 
-62 121 60 -110 84 68 102 64 30 39 -102 -35 -54 28 -11 50 
-15 -77 109 -120 92 -101 104 22 -9 -17 28 49 -108 70 -91 50 
102 121 -25 38 56 50 41 57 112 57 110 -33 -57 126 -109 -56 
-58 -26 42 -127 -1 -42 24 -22 17 -128 -15 91 89 -16 14 -107 
120 -43 116 106 -119 16 100 44 31 -2 -63 -41 1 -122 38 -2 
-91 -31 -61 118 109 44 -4 -60 -93 -81 -64 71 54 -21 -87 36 
GEMMINI: compute - PEs after matmul:
104 88 31 48 44 -106 45 -53 77 -79 -13 113 48 -41 -39 106 
-55 -26 -66 -95 -40 2 -108 18 -27 -40 -72 -15 -4 -81 18 -101 
41 51 -15 62 -78 1 -93 71 23 -15 -41 -114 -54 39 -77 68 
-82 -40 -75 -104 82 -35 75 44 -22 -6 48 59 17 -21 -116 -122 
65 50 -53 3 14 -93 57 69 37 -85 98 -86 8 101 44 70 
-121 91 -80 -110 -3 28 -35 -44 80 -126 -53 78 -90 -64 -32 38 
-25 46 -91 24 -9 -44 102 -34 -79 -72 -117 90 -94 -25 -71 -119 
-118 69 -88 40 -109 22 -61 36 79 72 -127 -61 115 -122 -122 -109 
85 -3 120 21 39 -20 -94 41 -15 -18 75 57 80 7 -44 37 
-16 112 -108 -14 -54 34 116 50 30 37 73 49 48 -106 -12 -28 
-62 121 60 -110 84 68 102 64 30 39 -102 -35 -54 28 -11 50 
-15 -77 109 -120 92 -101 104 22 -9 -17 28 49 -108 70 -91 50 
102 121 -25 38 56 50 41 57 112 57 110 -33 -57 126 -109 -56 
-58 -26 42 -127 -1 -42 24 -22 17 -128 -15 91 89 -16 14 -107 
120 -43 116 106 -119 16 100 44 31 -2 -63 -41 1 -122 38 -2 
-91 -31 -61 118 109 44 -4 -60 -93 -81 -64 71 54 -21 -87 36 
GEMMINI: compute - writing results to addr 0xe0000000, :
60577 72497 21263 36940 5320 22092 -41450 -1353 37690 -18793 -61474 24483 73289 12295 -29316 -11236 
32694 60003 36218 17627 26567 -13819 38983 15546 36117 -21207 45850 14049 -24080 50747 16903 35431 
-21065 14861 2379 -3637 36063 -4287 -25137 912 6441 -17016 -4154 5269 -8605 10696 5292 -11115 
-45549 12654 25331 -15987 67435 8972 42350 6057 -23272 -24107 39722 949 -460 48452 -28511 48281 
4696 -54528 4946 -37446 -10535 -35454 -44058 -45075 -58642 -32619 -38828 8013 29712 10389 1948 18256 
-37434 -9350 -627 -38909 38885 16152 -5060 -30522 -5557 5126 -28963 -18543 -20992 -8568 -35327 20458 
-13182 8053 -27969 -54414 14991 -49 -10360 15314 -23971 -27582 -5948 20533 -31150 47498 30218 30657 
16372 2422 10025 -24854 38340 15493 19168 27117 -68 12805 13345 20739 -14498 -456 20039 31844 
13715 31093 -9566 22643 10796 8658 -5677 9129 10493 -20413 11019 -1315 5317 10312 -14469 49950 
-13743 -76832 47285 7890 15102 4370 33318 20405 -23560 -9988 5739 12404 54923 -2673 24880 11966 
-28362 984 -16771 -15701 17571 -14132 -19395 -3972 11070 -10157 38943 26032 71267 23959 -10064 -36812 
-8250 -32451 32707 7429 4807 37074 -39459 28061 -17453 92866 40268 -85322 -29744 17318 33937 21606 
8157 -50434 11053 15352 -31357 -18338 1903 2038 -58925 34182 15101 12847 15043 -28481 4871 -10603 
8908 14383 21077 70892 -11713 47297 -4583 669 -16864 -38308 -61594 26476 18866 9125 18890 7039 
11959 69934 21198 25445 -7209 13568 6842 -32070 8725 -24317 -73250 -11703 -39730 3523 13773 -5408 
-75763 5591 -42483 -17537 -27753 40408 34865 21702 -9894 -10156 -9787 34238 -45639 -7831 23019 -51878 
GEMMINI: mvout - 0x10 cols and 0x10 rows from 0x100010e0000000 to addr 0x30000000
60577 72497 21263 36940 5320 22092 -41450 -1353 37690 -18793 -61474 24483 73289 12295 -29316 -11236 
32694 60003 36218 17627 26567 -13819 38983 15546 36117 -21207 45850 14049 -24080 50747 16903 35431 
-21065 14861 2379 -3637 36063 -4287 -25137 912 6441 -17016 -4154 5269 -8605 10696 5292 -11115 
-45549 12654 25331 -15987 67435 8972 42350 6057 -23272 -24107 39722 949 -460 48452 -28511 48281 
4696 -54528 4946 -37446 -10535 -35454 -44058 -45075 -58642 -32619 -38828 8013 29712 10389 1948 18256 
-37434 -9350 -627 -38909 38885 16152 -5060 -30522 -5557 5126 -28963 -18543 -20992 -8568 -35327 20458 
-13182 8053 -27969 -54414 14991 -49 -10360 15314 -23971 -27582 -5948 20533 -31150 47498 30218 30657 
16372 2422 10025 -24854 38340 15493 19168 27117 -68 12805 13345 20739 -14498 -456 20039 31844 
13715 31093 -9566 22643 10796 8658 -5677 9129 10493 -20413 11019 -1315 5317 10312 -14469 49950 
-13743 -76832 47285 7890 15102 4370 33318 20405 -23560 -9988 5739 12404 54923 -2673 24880 11966 
-28362 984 -16771 -15701 17571 -14132 -19395 -3972 11070 -10157 38943 26032 71267 23959 -10064 -36812 
-8250 -32451 32707 7429 4807 37074 -39459 28061 -17453 92866 40268 -85322 -29744 17318 33937 21606 
8157 -50434 11053 15352 -31357 -18338 1903 2038 -58925 34182 15101 12847 15043 -28481 4871 -10603 
8908 14383 21077 70892 -11713 47297 -4583 669 -16864 -38308 -61594 26476 18866 9125 18890 7039 
11959 69934 21198 25445 -7209 13568 6842 -32070 8725 -24317 -73250 -11703 -39730 3523 13773 -5408 
-75763 5591 -42483 -17537 -27753 40408 34865 21702 -9894 -10156 -9787 34238 -45639 -7831 23019 -51878 
GEMMINI: mvin - 0x10 cols and 0x10 rows from 0x10000210 to addr 0x00000000
-40 -86 34 -92 -122 49 -92 -45 96 -101 -23 65 65 -64 42 91 
40 -12 -56 -25 -109 109 113 -127 -96 -90 97 -25 -71 -20 11 -21 
-86 15 -79 110 17 76 90 -2 -128 86 58 -105 -16 -14 5 111 
-104 -46 -40 -47 -71 38 -41 98 58 -123 110 -24 -96 41 -111 1 
41 21 50 -89 67 83 94 -59 4 10 -11 115 127 -24 38 -74 
-107 -79 -70 -119 103 44 105 62 23 -67 -58 -48 70 -118 61 -87 
19 124 101 15 -35 8 112 -26 -85 119 -39 -106 -83 100 77 -16 
-35 80 45 -48 93 63 -22 -44 -8 14 39 94 108 -48 -49 -92 
41 4 9 101 -97 41 79 33 54 92 -89 -64 59 36 58 -35 
49 112 -14 102 90 30 24 -27 -99 56 82 83 -46 -70 6 -78 
43 109 -32 106 72 119 -68 56 101 122 31 -80 -23 -23 -84 60 
81 -47 -55 10 32 -117 -76 49 -58 -6 7 111 56 10 -92 -109 
-39 118 -88 -34 -103 -78 119 -23 -9 -111 1 39 119 115 100 -50 
-4 51 114 126 109 68 126 119 50 22 5 114 94 126 103 6 
-14 -32 33 -127 82 -103 64 -11 -82 97 12 -27 -92 -126 34 83 
-13 85 -83 -128 2 9 53 121 -94 74 14 27 3 -41 15 -52 
GEMMINI: preload - scratchpad output addr = 0xe0000010, scratchpad preload addr = 0x00000010
GEMMINI: compute - preload = 1, scratchpad A addr = 0x00000000,scratchpad B addr 0xffffffff
GEMMINI: compute - PEs after preloading:
104 88 31 48 44 -106 45 -53 77 -79 -13 113 48 -41 -39 106 
-55 -26 -66 -95 -40 2 -108 18 -27 -40 -72 -15 -4 -81 18 -101 
41 51 -15 62 -78 1 -93 71 23 -15 -41 -114 -54 39 -77 68 
-82 -40 -75 -104 82 -35 75 44 -22 -6 48 59 17 -21 -116 -122 
65 50 -53 3 14 -93 57 69 37 -85 98 -86 8 101 44 70 
-121 91 -80 -110 -3 28 -35 -44 80 -126 -53 78 -90 -64 -32 38 
-25 46 -91 24 -9 -44 102 -34 -79 -72 -117 90 -94 -25 -71 -119 
-118 69 -88 40 -109 22 -61 36 79 72 -127 -61 115 -122 -122 -109 
85 -3 120 21 39 -20 -94 41 -15 -18 75 57 80 7 -44 37 
-16 112 -108 -14 -54 34 116 50 30 37 73 49 48 -106 -12 -28 
-62 121 60 -110 84 68 102 64 30 39 -102 -35 -54 28 -11 50 
-15 -77 109 -120 92 -101 104 22 -9 -17 28 49 -108 70 -91 50 
102 121 -25 38 56 50 41 57 112 57 110 -33 -57 126 -109 -56 
-58 -26 42 -127 -1 -42 24 -22 17 -128 -15 91 89 -16 14 -107 
120 -43 116 106 -119 16 100 44 31 -2 -63 -41 1 -122 38 -2 
-91 -31 -61 118 109 44 -4 -60 -93 -81 -64 71 54 -21 -87 36 
GEMMINI: compute - PEs after matmul:
104 88 31 48 44 -106 45 -53 77 -79 -13 113 48 -41 -39 106 
-55 -26 -66 -95 -40 2 -108 18 -27 -40 -72 -15 -4 -81 18 -101 
41 51 -15 62 -78 1 -93 71 23 -15 -41 -114 -54 39 -77 68 
-82 -40 -75 -104 82 -35 75 44 -22 -6 48 59 17 -21 -116 -122 
65 50 -53 3 14 -93 57 69 37 -85 98 -86 8 101 44 70 
-121 91 -80 -110 -3 28 -35 -44 80 -126 -53 78 -90 -64 -32 38 
-25 46 -91 24 -9 -44 102 -34 -79 -72 -117 90 -94 -25 -71 -119 
-118 69 -88 40 -109 22 -61 36 79 72 -127 -61 115 -122 -122 -109 
85 -3 120 21 39 -20 -94 41 -15 -18 75 57 80 7 -44 37 
-16 112 -108 -14 -54 34 116 50 30 37 73 49 48 -106 -12 -28 
-62 121 60 -110 84 68 102 64 30 39 -102 -35 -54 28 -11 50 
-15 -77 109 -120 92 -101 104 22 -9 -17 28 49 -108 70 -91 50 
102 121 -25 38 56 50 41 57 112 57 110 -33 -57 126 -109 -56 
-58 -26 42 -127 -1 -42 24 -22 17 -128 -15 91 89 -16 14 -107 
120 -43 116 106 -119 16 100 44 31 -2 -63 -41 1 -122 38 -2 
-91 -31 -61 118 109 44 -4 -60 -93 -81 -64 71 54 -21 -87 36 
GEMMINI: compute - writing results to addr 0xe0000010, :
34897 -15244 7412 31724 25649 32556 -44070 15223 41805 8327 27076 -10388 -46793 16682 1847 52291 
-9315 -13929 10426 -5371 -8909 -1786 16844 -45370 -28166 -6877 -45782 29348 -37346 -22869 30221 -21929 
-64215 28016 -55580 -33290 24876 -2973 48010 -51016 -27730 -43396 -12231 1007 -16880 8226 -32804 -9319 
-29198 -1543 5664 -18253 -18366 8805 -45762 -21045 8139 -27789 -56518 1871 63167 -16554 -14112 -27699 
38603 39368 41068 6386 11566 -2684 17365 2949 37220 5318 9341 -7969 -78144 25508 -16107 -13691 
26328 -13022 -5692 35337 -6630 9132 -2326 -9717 -9518 15538 41109 -46565 -53180 37527 24825 6228 
4330 14387 -29067 -17785 -63078 -5332 -8651 -27935 -2507 -43785 -62862 13717 30440 -69222 -22217 -64250 
17291 34844 -6479 -37812 -13850 -1370 -35459 20540 20445 26915 38384 -20460 -14710 17920 -38308 -2219 
10190 3168 -18597 4161 -43468 8244 29324 -31633 -18033 6913 -13455 20482 -22319 -65646 -23104 -70169 
-29337 3281 -25000 -39709 4208 -11449 46124 51895 34715 5822 3844 19898 -11904 -14898 1765 8641 
-49162 30172 -33905 -12750 -2513 1408 -4983 21457 23528 14026 14100 28438 35657 -47972 -5903 -18897 
19546 20600 23584 -5227 36513 -51190 56552 30805 64175 25641 47111 -48078 -14646 50068 -4724 53779 
9346 -16794 32240 8035 -41158 2504 51188 -18534 -25319 -4789 -76605 -24100 -62049 -9820 -2886 -55192 
-25423 -18874 -4432 -24525 -5936 -48600 49232 7995 -18524 -35949 -2116 -1866 -23838 29954 -33254 -23100 
19684 707 -12412 39578 47535 17202 -12769 1757 -1242 -18293 39856 -22219 -5964 29802 22794 34362 
-20105 26045 -20024 11684 12967 10297 29985 -22530 -3308 -28413 -29843 483 -28119 26507 53495 -4315 
GEMMINI: mvout - 0x10 cols and 0x10 rows from 0x100010e0000010 to addr 0x30000400
34897 -15244 7412 31724 25649 32556 -44070 15223 41805 8327 27076 -10388 -46793 16682 1847 52291 
-9315 -13929 10426 -5371 -8909 -1786 16844 -45370 -28166 -6877 -45782 29348 -37346 -22869 30221 -21929 
-64215 28016 -55580 -33290 24876 -2973 48010 -51016 -27730 -43396 -12231 1007 -16880 8226 -32804 -9319 
-29198 -1543 5664 -18253 -18366 8805 -45762 -21045 8139 -27789 -56518 1871 63167 -16554 -14112 -27699 
38603 39368 41068 6386 11566 -2684 17365 2949 37220 5318 9341 -7969 -78144 25508 -16107 -13691 
26328 -13022 -5692 35337 -6630 9132 -2326 -9717 -9518 15538 41109 -46565 -53180 37527 24825 6228 
4330 14387 -29067 -17785 -63078 -5332 -8651 -27935 -2507 -43785 -62862 13717 30440 -69222 -22217 -64250 
17291 34844 -6479 -37812 -13850 -1370 -35459 20540 20445 26915 38384 -20460 -14710 17920 -38308 -2219 
10190 3168 -18597 4161 -43468 8244 29324 -31633 -18033 6913 -13455 20482 -22319 -65646 -23104 -70169 
-29337 3281 -25000 -39709 4208 -11449 46124 51895 34715 5822 3844 19898 -11904 -14898 1765 8641 
-49162 30172 -33905 -12750 -2513 1408 -4983 21457 23528 14026 14100 28438 35657 -47972 -5903 -18897 
19546 20600 23584 -5227 36513 -51190 56552 30805 64175 25641 47111 -48078 -14646 50068 -4724 53779 
9346 -16794 32240 8035 -41158 2504 51188 -18534 -25319 -4789 -76605 -24100 -62049 -9820 -2886 -55192 
-25423 -18874 -4432 -24525 -5936 -48600 49232 7995 -18524 -35949 -2116 -1866 -23838 29954 -33254 -23100 
19684 707 -12412 39578 47535 17202 -12769 1757 -1242 -18293 39856 -22219 -5964 29802 22794 34362 
-20105 26045 -20024 11684 12967 10297 29985 -22530 -3308 -28413 -29843 483 -28119 26507 53495 -4315 
GEMMINI: mvin - 0x10 cols and 0x10 rows from 0x20000000 to addr 0x00000010
90 86 -126 85 -44 -62 -88 16 115 -95 -10 -15 46 111 -26 19 
-121 92 103 48 -48 -38 121 20 31 -25 -118 -61 18 26 -110 105 
67 112 -16 6 -118 -44 2 -42 -11 112 -121 -127 -120 -74 -74 7 
-75 44 26 105 -102 -5 52 24 -3 55 -49 31 7 -19 33 15 
-60 -19 -90 -82 86 92 -68 94 -4 -8 -1 79 -57 42 98 100 
22 -51 18 -26 -42 -63 11 -21 123 46 118 -124 -67 -104 -55 -86 
19 -89 -99 -26 -16 -76 78 -62 -64 19 85 -14 -95 35 101 66 
-30 22 70 63 60 -127 117 -91 -46 -93 121 -116 -22 117 3 81 
105 117 -51 69 16 51 47 24 121 -104 -127 3 -49 -7 52 -71 
80 -32 -81 11 -124 -108 -21 93 59 110 -51 -51 72 -37 70 29 
-2 48 45 100 110 49 -41 121 95 95 124 26 10 5 73 -32 
-102 1 68 -29 102 83 -28 45 -20 103 108 -33 -115 34 11 37 
11 -82 -75 -37 -62 6 -65 -4 -87 64 61 -49 8 -98 28 -48 
-9 83 -2 95 -102 21 -40 42 30 102 77 92 114 -94 -55 -126 
-58 -55 94 66 -60 10 94 -70 -111 20 -67 -71 -126 28 35 -96 
-98 -84 -44 22 -40 50 64 111 9 68 105 -38 -81 -76 -7 76 
GEMMINI: mvin - 0x10 cols and 0x10 rows from 0x10000400 to addr 0x00000000
113 118 -101 101 -105 127 49 -99 115 37 -46 54 29 -125 22 -23 
-84 13 66 90 -82 -34 85 -8 102 16 -68 -85 -8 -73 -50 19 
-3 -120 -79 -57 91 51 88 -106 94 54 12 -34 56 -104 -28 37 
-98 -65 -31 68 86 -40 -78 -114 -109 110 -69 102 -109 126 -49 56 
-59 -118 -54 105 87 36 -36 -7 61 -112 -64 -36 -61 -62 8 99 
-85 -63 99 -51 22 111 78 -17 -108 116 20 -40 126 -70 6 -65 
-120 61 -92 9 75 17 126 -121 -49 -14 -82 -15 125 -64 65 100 
-108 -44 -122 -76 -82 98 -25 -38 40 -30 -121 -63 120 43 50 106 
8 96 0 103 -9 -69 -2 0 -43 29 -106 -34 39 83 80 -24 
25 -72 11 -70 -34 115 61 17 16 122 -44 -32 66 -112 20 -9 
2 -75 -98 69 27 -30 28 36 15 -47 55 96 -127 59 -11 -81 
-6 45 -79 -97 101 96 18 82 12 -6 -70 -10 -100 -85 108 39 
57 -6 61 97 118 69 -104 -78 61 -50 83 58 75 55 -16 120 
-9 -14 58 34 4 -22 36 94 -37 35 -6 -61 70 57 -7 -70 
107 -17 -97 124 -55 -91 49 108 30 -45 -88 42 68 9 0 4 
-49 -55 100 5 123 -48 53 -12 62 -75 84 7 -1 -3 125 111 
GEMMINI: preload - scratchpad output addr = 0xa0000000, scratchpad preload addr = 0x00000010
GEMMINI: compute - preload = 1, scratchpad A addr = 0x00000000,scratchpad B addr 0xffffffff
GEMMINI: compute - PEs after preloading:
90 86 -126 85 -44 -62 -88 16 115 -95 -10 -15 46 111 -26 19 
-121 92 103 48 -48 -38 121 20 31 -25 -118 -61 18 26 -110 105 
67 112 -16 6 -118 -44 2 -42 -11 112 -121 -127 -120 -74 -74 7 
-75 44 26 105 -102 -5 52 24 -3 55 -49 31 7 -19 33 15 
-60 -19 -90 -82 86 92 -68 94 -4 -8 -1 79 -57 42 98 100 
22 -51 18 -26 -42 -63 11 -21 123 46 118 -124 -67 -104 -55 -86 
19 -89 -99 -26 -16 -76 78 -62 -64 19 85 -14 -95 35 101 66 
-30 22 70 63 60 -127 117 -91 -46 -93 121 -116 -22 117 3 81 
105 117 -51 69 16 51 47 24 121 -104 -127 3 -49 -7 52 -71 
80 -32 -81 11 -124 -108 -21 93 59 110 -51 -51 72 -37 70 29 
-2 48 45 100 110 49 -41 121 95 95 124 26 10 5 73 -32 
-102 1 68 -29 102 83 -28 45 -20 103 108 -33 -115 34 11 37 
11 -82 -75 -37 -62 6 -65 -4 -87 64 61 -49 8 -98 28 -48 
-9 83 -2 95 -102 21 -40 42 30 102 77 92 114 -94 -55 -126 
-58 -55 94 66 -60 10 94 -70 -111 20 -67 -71 -126 28 35 -96 
-98 -84 -44 22 -40 50 64 111 9 68 105 -38 -81 -76 -7 76 
GEMMINI: compute - PEs after matmul:
90 86 -126 85 -44 -62 -88 16 115 -95 -10 -15 46 111 -26 19 
-121 92 103 48 -48 -38 121 20 31 -25 -118 -61 18 26 -110 105 
67 112 -16 6 -118 -44 2 -42 -11 112 -121 -127 -120 -74 -74 7 
-75 44 26 105 -102 -5 52 24 -3 55 -49 31 7 -19 33 15 
-60 -19 -90 -82 86 92 -68 94 -4 -8 -1 79 -57 42 98 100 
22 -51 18 -26 -42 -63 11 -21 123 46 118 -124 -67 -104 -55 -86 
19 -89 -99 -26 -16 -76 78 -62 -64 19 85 -14 -95 35 101 66 
-30 22 70 63 60 -127 117 -91 -46 -93 121 -116 -22 117 3 81 
105 117 -51 69 16 51 47 24 121 -104 -127 3 -49 -7 52 -71 
80 -32 -81 11 -124 -108 -21 93 59 110 -51 -51 72 -37 70 29 
-2 48 45 100 110 49 -41 121 95 95 124 26 10 5 73 -32 
-102 1 68 -29 102 83 -28 45 -20 103 108 -33 -115 34 11 37 
11 -82 -75 -37 -62 6 -65 -4 -87 64 61 -49 8 -98 28 -48 
-9 83 -2 95 -102 21 -40 42 30 102 77 92 114 -94 -55 -126 
-58 -55 94 66 -60 10 94 -70 -111 20 -67 -71 -126 28 35 -96 
-98 -84 -44 22 -40 50 64 111 9 68 105 -38 -81 -76 -7 76 
GEMMINI: compute - writing results to addr 0xa0000000, :
6586 771 -3992 13239 -21856 -15647 18873 -2126 36646 -21338 -28614 -24309 -9420 4384 -3310 -3986 
16969 4699 -9128 1582 -27680 -17530 34255 -18774 -6426 -10281 -42909 -10618 -10243 -13183 3668 9346 
30930 -42128 -54796 -33948 18940 16890 -24543 19850 13957 -6816 11416 14792 -15414 -10388 47145 -2963 
-30124 -12144 532 -17830 -10326 32356 -27914 43429 -4264 53886 6748 44737 22185 -26836 2672 5001 
-16461 -19084 -3506 -10859 19866 31799 9503 1528 -4595 -22579 3662 20295 -25556 -3106 16417 980 
23563 -44097 -19177 -38161 -21178 -29455 -14975 -13817 -21146 44322 17482 -35152 -17027 -32765 15576 -5709 
-39312 -67557 -12893 -39885 -9970 19551 17701 3559 -44986 17688 6684 4633 -28329 -25535 21209 16735 
-3016 -50551 -378 -20138 -18478 8669 11441 -13780 -17395 -3431 22734 -5349 2558 -45992 -9440 -40113 
-20758 8146 9571 17619 -47446 -12752 18762 -12378 -27617 4385 -36702 2805 16826 -1863 -13481 873 
38416 -35824 -29585 -22318 -15996 -35494 -1822 -16523 4518 -1185 7142 -40200 -16683 -8475 15280 -4979 
-10753 13364 16145 14363 40998 17188 -5203 4189 7188 -9363 27184 36629 7052 31580 20901 -4518 
-18550 -25950 12879 -17426 25652 -8270 32345 -14897 -2494 -38260 4977 -22536 -34195 29973 4899 21227 
-16709 19223 -14697 15739 -6956 42681 -27088 49664 32803 34675 11591 6979 -17143 -33450 -1060 -11146 
12032 5298 -6400 7535 -21660 -27529 1786 -18262 -17554 6708 2252 -8755 13268 -1821 2611 -2056 
-9406 1534 -8719 23107 -4936 -12746 14241 -19376 -20439 -33205 10517 5375 10151 32391 9075 12578 
-16983 -5397 -4866 5442 12186 35229 11843 12853 -19653 20117 2012 508 -57269 -5312 28018 879 
GEMMINI: mvin - 0x10 cols and 0x10 rows from 0x20000100 to addr 0x00000010
104 88 31 48 44 -106 45 -53 77 -79 -13 113 48 -41 -39 106 
-55 -26 -66 -95 -40 2 -108 18 -27 -40 -72 -15 -4 -81 18 -101 
41 51 -15 62 -78 1 -93 71 23 -15 -41 -114 -54 39 -77 68 
-82 -40 -75 -104 82 -35 75 44 -22 -6 48 59 17 -21 -116 -122 
65 50 -53 3 14 -93 57 69 37 -85 98 -86 8 101 44 70 
-121 91 -80 -110 -3 28 -35 -44 80 -126 -53 78 -90 -64 -32 38 
-25 46 -91 24 -9 -44 102 -34 -79 -72 -117 90 -94 -25 -71 -119 
-118 69 -88 40 -109 22 -61 36 79 72 -127 -61 115 -122 -122 -109 
85 -3 120 21 39 -20 -94 41 -15 -18 75 57 80 7 -44 37 
-16 112 -108 -14 -54 34 116 50 30 37 73 49 48 -106 -12 -28 
-62 121 60 -110 84 68 102 64 30 39 -102 -35 -54 28 -11 50 
-15 -77 109 -120 92 -101 104 22 -9 -17 28 49 -108 70 -91 50 
102 121 -25 38 56 50 41 57 112 57 110 -33 -57 126 -109 -56 
-58 -26 42 -127 -1 -42 24 -22 17 -128 -15 91 89 -16 14 -107 
120 -43 116 106 -119 16 100 44 31 -2 -63 -41 1 -122 38 -2 
-91 -31 -61 118 109 44 -4 -60 -93 -81 -64 71 54 -21 -87 36 
GEMMINI: mvin - 0x10 cols and 0x10 rows from 0x10000410 to addr 0x00000000
55 107 13 18 51 -19 -42 27 72 -87 1 -86 50 -43 -90 -118 
-10 -8 57 -48 -98 -100 -101 -11 -42 86 -32 43 -24 -44 94 -91 
104 -42 42 82 -5 110 -5 29 -122 42 -96 54 -33 45 -81 53 
-59 -36 -41 48 3 -69 110 -84 -114 -4 59 98 -51 55 18 81 
69 -30 57 1 108 -36 108 -71 39 -92 -87 72 107 74 -2 18 
31 -63 71 94 -17 39 111 93 -119 -6 -31 -128 113 -66 -20 -113 
-115 79 -7 -33 68 -10 -20 -80 -20 -42 -37 -95 -104 -21 83 -31 
-58 102 72 27 34 -96 93 -55 -119 17 -112 68 -106 42 -84 32 
1 -35 44 -85 67 125 57 -62 -106 -126 -9 1 36 -47 110 100 
120 -116 -100 39 94 -26 -7 -79 75 1 9 111 -6 58 17 -60 
97 76 -112 38 43 49 21 -82 -30 102 -67 39 -48 -67 14 89 
-11 -13 1 65 97 -72 3 -46 -110 -119 12 -63 94 -80 -35 59 
109 91 -26 16 -70 -46 62 53 -109 67 -19 -44 91 108 -12 -127 
-1 91 56 43 -20 -41 59 -17 29 106 88 -7 -127 74 -50 68 
-28 -53 -18 41 -79 31 116 23 103 -40 70 -56 -121 -95 -32 -100 
84 -125 0 -93 -65 3 97 -58 -85 100 -81 -39 36 -55 -92 -96 
GEMMINI: preload - scratchpad output addr = 0xe0000000, scratchpad preload addr = 0x00000010
GEMMINI: compute - preload = 1, scratchpad A addr = 0x00000000,scratchpad B addr 0xffffffff
GEMMINI: compute - PEs after preloading:
104 88 31 48 44 -106 45 -53 77 -79 -13 113 48 -41 -39 106 
-55 -26 -66 -95 -40 2 -108 18 -27 -40 -72 -15 -4 -81 18 -101 
41 51 -15 62 -78 1 -93 71 23 -15 -41 -114 -54 39 -77 68 
-82 -40 -75 -104 82 -35 75 44 -22 -6 48 59 17 -21 -116 -122 
65 50 -53 3 14 -93 57 69 37 -85 98 -86 8 101 44 70 
-121 91 -80 -110 -3 28 -35 -44 80 -126 -53 78 -90 -64 -32 38 
-25 46 -91 24 -9 -44 102 -34 -79 -72 -117 90 -94 -25 -71 -119 
-118 69 -88 40 -109 22 -61 36 79 72 -127 -61 115 -122 -122 -109 
85 -3 120 21 39 -20 -94 41 -15 -18 75 57 80 7 -44 37 
-16 112 -108 -14 -54 34 116 50 30 37 73 49 48 -106 -12 -28 
-62 121 60 -110 84 68 102 64 30 39 -102 -35 -54 28 -11 50 
-15 -77 109 -120 92 -101 104 22 -9 -17 28 49 -108 70 -91 50 
102 121 -25 38 56 50 41 57 112 57 110 -33 -57 126 -109 -56 
-58 -26 42 -127 -1 -42 24 -22 17 -128 -15 91 89 -16 14 -107 
120 -43 116 106 -119 16 100 44 31 -2 -63 -41 1 -122 38 -2 
-91 -31 -61 118 109 44 -4 -60 -93 -81 -64 71 54 -21 -87 36 
GEMMINI: compute - PEs after matmul:
104 88 31 48 44 -106 45 -53 77 -79 -13 113 48 -41 -39 106 
-55 -26 -66 -95 -40 2 -108 18 -27 -40 -72 -15 -4 -81 18 -101 
41 51 -15 62 -78 1 -93 71 23 -15 -41 -114 -54 39 -77 68 
-82 -40 -75 -104 82 -35 75 44 -22 -6 48 59 17 -21 -116 -122 
65 50 -53 3 14 -93 57 69 37 -85 98 -86 8 101 44 70 
-121 91 -80 -110 -3 28 -35 -44 80 -126 -53 78 -90 -64 -32 38 
-25 46 -91 24 -9 -44 102 -34 -79 -72 -117 90 -94 -25 -71 -119 
-118 69 -88 40 -109 22 -61 36 79 72 -127 -61 115 -122 -122 -109 
85 -3 120 21 39 -20 -94 41 -15 -18 75 57 80 7 -44 37 
-16 112 -108 -14 -54 34 116 50 30 37 73 49 48 -106 -12 -28 
-62 121 60 -110 84 68 102 64 30 39 -102 -35 -54 28 -11 50 
-15 -77 109 -120 92 -101 104 22 -9 -17 28 49 -108 70 -91 50 
102 121 -25 38 56 50 41 57 112 57 110 -33 -57 126 -109 -56 
-58 -26 42 -127 -1 -42 24 -22 17 -128 -15 91 89 -16 14 -107 
120 -43 116 106 -119 16 100 44 31 -2 -63 -41 1 -122 38 -2 
-91 -31 -61 118 109 44 -4 -60 -93 -81 -64 71 54 -21 -87 36 
GEMMINI: compute - writing results to addr 0xe0000000, :
25228 15003 -8207 3800 -24679 -22683 -25638 9045 53880 -12161 -13306 -46073 -754 21894 2407 -6789 
48253 -10957 20834 18406 -62565 -8840 36907 -5105 675 31078 -32416 -37229 -7656 -27698 23238 20560 
-4297 -35518 -95176 -50336 28529 -3261 -15918 -1272 22915 -38145 8510 47393 -16988 -22615 20208 -2268 
-52548 -38675 2543 -35942 17585 23168 26829 34461 -39843 40780 -9028 63244 -2127 -14956 2155 -9012 
25519 -23113 9606 2386 42048 -7013 23552 548 -5305 -58773 28242 32909 -42315 42664 -2897 6168 
22942 -106 -73145 -20442 -48855 -20125 -7497 -6918 6826 64968 6812 -53633 -33655 -36390 -11234 -41233 
-31546 -99170 -10238 -32795 -39887 27260 -3754 4727 -66197 13159 3066 -24885 -29114 -34648 73304 16221 
-26632 -90093 -32464 -33329 -23795 -15530 8223 -23425 -60082 -22216 15610 -4397 -8794 -41135 -3101 -65618 
-10787 10645 8588 49104 -47717 -9455 26642 -27998 -25761 -27831 -63800 -8415 -24884 11538 -8131 32890 
76391 -41023 14802 -41601 19872 -77980 47318 -16458 14039 -20446 50475 -7155 -13876 18196 20611 23618 
-14578 7586 -7732 12169 59978 388 21442 -14265 -6642 -36218 38710 77252 6123 8246 25906 4814 
-6484 -27432 -6964 5606 50789 -6156 38603 -12554 -8836 -29972 17992 -5111MODE 2 PASS
VERITAC_GEMMINI_RAW_PASS
1 -49619 74018 3488 24425 
-14908 44882 -38686 -4865 -30577 36227 -10547 47977 57746 39938 1745 20497 -8923 -56390 -5612 -62565 
-24131 6513 -23151 -18187 -16690 -28499 6395 -16077 -45162 -11725 -24591 12016 27451 -28240 -2511 -17020 
-23680 3982 -3568 15493 -10900 -7696 5248 -22995 -37270 -18961 -15847 14003 605 15879 9950 7110 
7425 23823 -25692 28182 1234 31860 30382 -7497 -10805 32812 19764 16222 -76533 3679 37655 12749 
GEMMINI: mvout - 0x10 cols and 0x10 rows from 0x100010e0000000 to addr 0x30000800
25228 15003 -8207 3800 -24679 -22683 -25638 9045 53880 -12161 -13306 -46073 -754 21894 2407 -6789 
48253 -10957 20834 18406 -62565 -8840 36907 -5105 675 31078 -32416 -37229 -7656 -27698 23238 20560 
-4297 -35518 -95176 -50336 28529 -3261 -15918 -1272 22915 -38145 8510 47393 -16988 -22615 20208 -2268 
-52548 -38675 2543 -35942 17585 23168 26829 34461 -39843 40780 -9028 63244 -2127 -14956 2155 -9012 
25519 -23113 9606 2386 42048 -7013 23552 548 -5305 -58773 28242 32909 -42315 42664 -2897 6168 
22942 -106 -73145 -20442 -48855 -20125 -7497 -6918 6826 64968 6812 -53633 -33655 -36390 -11234 -41233 
-31546 -99170 -10238 -32795 -39887 27260 -3754 4727 -66197 13159 3066 -24885 -29114 -34648 73304 16221 
-26632 -90093 -32464 -33329 -23795 -15530 8223 -23425 -60082 -22216 15610 -4397 -8794 -41135 -3101 -65618 
-10787 10645 8588 49104 -47717 -9455 26642 -27998 -25761 -27831 -63800 -8415 -24884 11538 -8131 32890 
76391 -41023 14802 -41601 19872 -77980 47318 -16458 14039 -20446 50475 -7155 -13876 18196 20611 23618 
-14578 7586 -7732 12169 59978 388 21442 -14265 -6642 -36218 38710 77252 6123 8246 25906 4814 
-6484 -27432 -6964 5606 50789 -6156 38603 -12554 -8836 -29972 17992 -51111 -49619 74018 3488 24425 
-14908 44882 -38686 -4865 -30577 36227 -10547 47977 57746 39938 1745 20497 -8923 -56390 -5612 -62565 
-24131 6513 -23151 -18187 -16690 -28499 6395 -16077 -45162 -11725 -24591 12016 27451 -28240 -2511 -17020 
-23680 3982 -3568 15493 -10900 -7696 5248 -22995 -37270 -18961 -15847 14003 605 15879 9950 7110 
7425 23823 -25692 28182 1234 31860 30382 -7497 -10805 32812 19764 16222 -76533 3679 37655 12749 
